Date,Product ID,Model,Serial Number,Quantity,Entity,Ref No.,Person,Remark
20 Jan 26,PV-06,RS7-595N-E2,A240526H11475,,Simat,,Wuttikorn,
20 Jan 26,PV-06,RS7-595N-E2,A240526H11273,,Simat,,Wuttikorn,
20 Jan 26,PV-06,RS7-595N-E2,A240526H11407,,Simat,,Wuttikorn,
20 Jan 26,PV-06,RS7-595N-E2,A240526H11398,,Simat,,Wuttikorn,
20 Jan 26,PV-06,RS7-595N-E2,A240526H11367,,Simat,,Wuttikorn,
20 Jan 26,PV-06,RS7-595N-E2,A240526H11421,,Simat,,Wuttikorn,
20 Jan 26,PV-06,RS7-595N-E2,A240526H11113,,Simat,,Wuttikorn,
20 Jan 26,PV-06,RS7-595N-E2,A240526H11120,,Simat,,Wuttikorn,
20 Jan 26,PV-06,RS7-595N-E2,A240526H11197,,Simat,,Wuttikorn,
20 Jan 26,PV-06,RS7-595N-E2,A240526H11188,,Simat,,Wuttikorn,
20 Jan 26,PV-06,RS7-595N-E2,A240526H11190,,Simat,,Wuttikorn,
20 Jan 26,PV-06,RS7-595N-E2,A240526H11385,,Simat,,Wuttikorn,
20 Jan 26,PV-06,RS7-595N-E2,A240526H11323,,Simat,,Wuttikorn,
20 Jan 26,PV-06,RS7-595N-E2,A240526H11383,,Simat,,Wuttikorn,
20 Jan 26,PV-06,RS7-595N-E2,A240526H11386,,Simat,,Wuttikorn,
20 Jan 26,PV-06,RS7-595N-E2,A240526H11341,,Simat,,Wuttikorn,
20 Jan 26,PV-06,RS7-595N-E2,A240526H11330,,Simat,,Wuttikorn,
20 Jan 26,PV-06,RS7-595N-E2,A240526H11373,,Simat,,Wuttikorn,
20 Jan 26,PV-06,RS7-595N-E2,A240526H11375,,Simat,,Wuttikorn,
20 Jan 26,PV-06,RS7-595N-E2,A240526H11192,,Simat,,Wuttikorn,
20 Jan 26,PV-06,RS7-595N-E2,A240526H11157,,Simat,,Wuttikorn,
20 Jan 26,PV-06,RS7-595N-E2,A240526H11332,,Simat,,Wuttikorn,
20 Jan 26,PV-06,RS7-595N-E2,A240526H11394,,Simat,,Wuttikorn,
20 Jan 26,PV-06,RS7-595N-E2,A240526H11331,,Simat,,Wuttikorn,
20 Jan 26,PV-06,RS7-595N-E2,A240526H11325,,Simat,,Wuttikorn,
20 Jan 26,PV-06,RS7-595N-E2,A240526H11312,,Simat,,Wuttikorn,
20 Jan 26,PV-06,RS7-595N-E2,A240520M11402,,Simat,,Wuttikorn,
20 Jan 26,PV-06,RS7-595N-E2,A240526H11382,,Simat,,Wuttikorn,
20 Jan 26,PV-06,RS7-595N-E2,A240526H11258,,Simat,,Wuttikorn,
20 Jan 26,PV-06,RS7-595N-E2,A240526H11085,,Simat,,Wuttikorn,
20 Jan 26,PV-06,RS7-595N-E2,A240526H10840,,Simat,,Wuttikorn,
20 Jan 26,PV-06,RS7-595N-E2,A240526H11467,,Simat,,Wuttikorn,
20 Jan 26,PV-06,RS7-595N-E2,A240526H11448,,Simat,,Wuttikorn,
20 Jan 26,PV-06,RS7-595N-E2,A240526H11444,,Simat,,Wuttikorn,
20 Jan 26,PV-06,RS7-595N-E2,A240526H11255,,Simat,,Wuttikorn,
20 Jan 26,PV-06,RS7-595N-E2,A240526H11218,,Simat,,Wuttikorn,
20 Jan 26,PV-06,RS7-595N-E2,A240526H11469,,Simat,,Wuttikorn,
20 Jan 26,PV-06,RS7-595N-E2,A240526H11471,,Simat,,Wuttikorn,
20 Jan 26,PV-06,RS7-595N-E2,A240526H11443,,Simat,,Wuttikorn,
20 Jan 26,PV-06,RS7-595N-E2,A240526H11479,,Simat,,Wuttikorn,
20 Jan 26,PV-06,RS7-595N-E2,A240526H11472,,Simat,,Wuttikorn,
20 Jan 26,PV-06,RS7-595N-E2,A240526H11343,,Simat,,Wuttikorn,
20 Jan 26,PV-06,RS7-595N-E2,A240526H11399,,Simat,,Wuttikorn,
20 Jan 26,PV-06,RS7-595N-E2,A240526H11426,,Simat,,Wuttikorn,
20 Jan 26,PV-06,RS7-595N-E2,A240526H11423,,Simat,,Wuttikorn,
20 Jan 26,PV-06,RS7-595N-E2,A240526H11404,,Simat,,Wuttikorn,
20 Jan 26,PV-06,RS7-595N-E2,A240526H11315,,Simat,,Wuttikorn,
20 Jan 26,PV-06,RS7-595N-E2,A240526H11418,,Simat,,Wuttikorn,
20 Jan 26,PV-06,RS7-595N-E2,A240526H11420,,Simat,,Wuttikorn,
20 Jan 26,PV-06,RS7-595N-E2,A240526H11209,,Simat,,Wuttikorn,
20 Jan 26,PV-06,RS7-595N-E2,A240526H11117,,Simat,,Wuttikorn,
20 Jan 26,PV-06,RS7-595N-E2,A240526H11095,,Simat,,Wuttikorn,
20 Jan 26,PV-06,RS7-595N-E2,A240526H11213,,Simat,,Wuttikorn,
20 Jan 26,PV-06,RS7-595N-E2,A240526H11191,,Simat,,Wuttikorn,
20 Jan 26,PV-06,RS7-595N-E2,A240526H11295,,Simat,,Wuttikorn,
20 Jan 26,PV-06,RS7-595N-E2,A240526H11342,,Simat,,Wuttikorn,
20 Jan 26,PV-06,RS7-595N-E2,A240526H11387,,Simat,,Wuttikorn,
20 Jan 26,PV-06,RS7-595N-E2,A240526H11389,,Simat,,Wuttikorn,
20 Jan 26,PV-06,RS7-595N-E2,A240526H11391,,Simat,,Wuttikorn,
20 Jan 26,PV-06,RS7-595N-E2,A240526H11291,,Simat,,Wuttikorn,
20 Jan 26,PV-06,RS7-595N-E2,A240526H11345,,Simat,,Wuttikorn,
20 Jan 26,PV-06,RS7-595N-E2,A240526H11344,,Simat,,Wuttikorn,
20 Jan 26,PV-04,AIKO-G650-MCH72Mw,21125701P0001002440,,Simat,,Wuttikorn,
20 Jan 26,PV-04,AIKO-G650-MCH72Mw,21125701P0001000564,,Simat,,Wuttikorn,
20 Jan 26,PV-04,AIKO-G650-MCH72Mw,21125701P0001000551,,Simat,,Wuttikorn,
20 Jan 26,PV-04,AIKO-G650-MCH72Mw,21125701P0001002430,,Simat,,Wuttikorn,
20 Jan 26,PV-04,AIKO-G650-MCH72Mw,21125701P0001000539,,Simat,,Wuttikorn,
20 Jan 26,PV-04,AIKO-G650-MCH72Mw,21125701P0001000549,,Simat,,Wuttikorn,
20 Jan 26,PV-04,AIKO-G650-MCH72Mw,21125701P0001000557,,Simat,,Wuttikorn,
20 Jan 26,PV-04,AIKO-G650-MCH72Mw,21125701P0001000577,,Simat,,Wuttikorn,
20 Jan 26,PV-04,AIKO-G650-MCH72Mw,21125701P0001000575,,Simat,,Wuttikorn,
20 Jan 26,PV-04,AIKO-G650-MCH72Mw,21125701P0001000664,,Simat,,Wuttikorn,
20 Jan 26,PV-04,AIKO-G650-MCH72Mw,21125701P0001000576,,Simat,,Wuttikorn,
20 Jan 26,PV-04,AIKO-G650-MCH72Mw,21125701P0001000540,,Simat,,Wuttikorn,
20 Jan 26,PV-04,AIKO-G650-MCH72Mw,21125701P0001000662,,Simat,,Wuttikorn,
20 Jan 26,PV-04,AIKO-G650-MCH72Mw,21125701P0001000674,,Simat,,Wuttikorn,
20 Jan 26,PV-04,AIKO-G650-MCH72Mw,21125701P0001000669,,Simat,,Wuttikorn,
20 Jan 26,PV-04,AIKO-G650-MCH72Mw,21125701P0001000643,,Simat,,Wuttikorn,
20 Jan 26,PV-04,AIKO-G650-MCH72Mw,21125701P0001000645,,Simat,,Wuttikorn,
20 Jan 26,PV-04,AIKO-G650-MCH72Mw,21125701P0001000658,,Simat,,Wuttikorn,
20 Jan 26,PV-04,AIKO-G650-MCH72Mw,21125701P0001000640,,Simat,,Wuttikorn,
20 Jan 26,PV-04,AIKO-G650-MCH72Mw,21125701P0001000646,,Simat,,Wuttikorn,
20 Jan 26,PV-04,AIKO-G650-MCH72Mw,21125701P0001000631,,Simat,,Wuttikorn,
20 Jan 26,PV-04,AIKO-G650-MCH72Mw,21125701P0001000641,,Simat,,Wuttikorn,
20 Jan 26,PV-04,AIKO-G650-MCH72Mw,21125701P0001000647,,Simat,,Wuttikorn,
20 Jan 26,PV-04,AIKO-G650-MCH72Mw,21125701P0001000639,,Simat,,Wuttikorn,
20 Jan 26,PV-04,AIKO-G650-MCH72Mw,21125701P0001000628,,Simat,,Wuttikorn,
20 Jan 26,PV-04,AIKO-G650-MCH72Mw,21125701P0001000599,,Simat,,Wuttikorn,
20 Jan 26,PV-04,AIKO-G650-MCH72Mw,21125701P0001000555,,Simat,,Wuttikorn,
20 Jan 26,PV-04,AIKO-G650-MCH72Mw,21125701P0001000603,,Simat,,Wuttikorn,
20 Jan 26,PV-04,AIKO-G650-MCH72Mw,21125701P0001000569,,Simat,,Wuttikorn,
20 Jan 26,PV-04,AIKO-G650-MCH72Mw,21125701P0001000610,,Simat,,Wuttikorn,
20 Jan 26,PV-04,AIKO-G650-MCH72Mw,21125701P0001000604,,Simat,,Wuttikorn,
20 Jan 26,PV-04,AIKO-G650-MCH72Mw,21125701P0001002422,,Simat,,Wuttikorn,
20 Jan 26,PV-04,AIKO-G650-MCH72Mw,21125701P0001000529,,Simat,,Wuttikorn,
20 Jan 26,PV-04,AIKO-G650-MCH72Mw,21125701P0001002444,,Simat,,Wuttikorn,
20 Jan 26,PV-04,AIKO-G650-MCH72Mw,21125701P0001002442,,Simat,,Wuttikorn,
20 Jan 26,PV-04,AIKO-G650-MCH72Mw,21125701P0001000655,,Simat,,Wuttikorn,
20 Jan 26,PV-04,AIKO-G650-MCH72Mw,21125702P0001000086,,Simat,,Wuttikorn,
20 Jan 26,PV-04,AIKO-G650-MCH72Mw,21125702P0001000085,,Simat,,Wuttikorn,
20 Jan 26,PV-04,AIKO-G650-MCH72Mw,21125702P0001000057,,Simat,,Wuttikorn,
20 Jan 26,PV-04,AIKO-G650-MCH72Mw,21125701P0001002448,,Simat,,Wuttikorn,
20 Jan 26,PV-04,AIKO-G650-MCH72Mw,21125702P0001000082,,Simat,,Wuttikorn,
20 Jan 26,PV-04,AIKO-G650-MCH72Mw,21125702P0001000141,,Simat,,Wuttikorn,
20 Jan 26,PV-04,AIKO-G650-MCH72Mw,21125702P0001000122,,Simat,,Wuttikorn,
20 Jan 26,PV-04,AIKO-G650-MCH72Mw,21125702P0001000138,,Simat,,Wuttikorn,
20 Jan 26,PV-04,AIKO-G650-MCH72Mw,21125702P0001000067,,Simat,,Wuttikorn,
20 Jan 26,PV-04,AIKO-G650-MCH72Mw,21125702P0001000124,,Simat,,Wuttikorn,
20 Jan 26,PV-04,AIKO-G650-MCH72Mw,21125702P0001000108,,Simat,,Wuttikorn,
20 Jan 26,PV-04,AIKO-G650-MCH72Mw,21125702P0001000134,,Simat,,Wuttikorn,
20 Jan 26,PV-04,AIKO-G650-MCH72Mw,21125702P0001000015,,Simat,,Wuttikorn,
20 Jan 26,PV-04,AIKO-G650-MCH72Mw,21125702P0001000136,,Simat,,Wuttikorn,
20 Jan 26,PV-04,AIKO-G650-MCH72Mw,21125702P0001000066,,Simat,,Wuttikorn,
20 Jan 26,PV-04,AIKO-G650-MCH72Mw,21125702P0001000080,,Simat,,Wuttikorn,
20 Jan 26,PV-04,AIKO-G650-MCH72Mw,21125702P0001000117,,Simat,,Wuttikorn,
20 Jan 26,PV-04,AIKO-G650-MCH72Mw,21125702P0001000114,,Simat,,Wuttikorn,
20 Jan 26,PV-04,AIKO-G650-MCH72Mw,21125702P0001000116,,Simat,,Wuttikorn,
20 Jan 26,PV-04,AIKO-G650-MCH72Mw,21125702P0001000089,,Simat,,Wuttikorn,
20 Jan 26,PV-04,AIKO-G650-MCH72Mw,21125702P0001000103,,Simat,,Wuttikorn,
20 Jan 26,PV-04,AIKO-G650-MCH72Mw,21125702P0001000099,,Simat,,Wuttikorn,
20 Jan 26,PV-04,AIKO-G650-MCH72Mw,21125702P0001000097,,Simat,,Wuttikorn,
20 Jan 26,PV-04,AIKO-G650-MCH72Mw,21125702P0001000081,,Simat,,Wuttikorn,
20 Jan 26,PV-04,AIKO-G650-MCH72Mw,21125702P0001000102,,Simat,,Wuttikorn,
20 Jan 26,PV-04,AIKO-G650-MCH72Mw,21125701P0001001243,,Simat,,Wuttikorn,
20 Jan 26,PV-04,AIKO-G650-MCH72Mw,21125702P0001000092,,Simat,,Wuttikorn,
20 Jan 26,PV-04,AIKO-G650-MCH72Mw,21125702P0001000104,,Simat,,Wuttikorn,
20 Jan 26,PV-04,AIKO-G650-MCH72Mw,21125705P0001001138,,Simat,,Wuttikorn,
20 Jan 26,PV-04,AIKO-G650-MCH72Mw,21125702P0001000110,,Simat,,Wuttikorn,
20 Jan 26,PV-04,AIKO-G650-MCH72Mw,21125702P0001000112,,Simat,,Wuttikorn,
20 Jan 26,PV-04,AIKO-G650-MCH72Mw,21125702P0001000164,,Simat,,Wuttikorn,
20 Jan 26,PV-04,AIKO-G650-MCH72Mw,21125702P0001000120,,Simat,,Wuttikorn,
20 Jan 26,PV-04,AIKO-G650-MCH72Mw,21125703P0001001865,,Simat,,Wuttikorn,
20 Jan 26,PV-04,AIKO-G650-MCH72Mw,21125702P0001000107,,Simat,,Wuttikorn,
20 Jan 26,PV-04,AIKO-G650-MCH72Mw,21125702P0001000111,,Simat,,Wuttikorn,
20 Jan 26,PV-04,AIKO-G650-MCH72Mw,21125701P0001002433,,Simat,,Wuttikorn,
20 Jan 26,PV-04,AIKO-G650-MCH72Mw,21125701P0001002414,,Simat,,Wuttikorn,
20 Jan 26,PV-04,AIKO-G650-MCH72Mw,21125701P0001000510,,Simat,,Wuttikorn,
20 Jan 26,PV-04,AIKO-G650-MCH72Mw,21125701P0001000541,,Simat,,Wuttikorn,
20 Jan 26,PV-04,AIKO-G650-MCH72Mw,21125701P0001000543,,Simat,,Wuttikorn,
20 Jan 26,PV-04,AIKO-G650-MCH72Mw,21125701P0001002500,,Simat,,Wuttikorn,
20 Jan 26,PV-04,AIKO-G650-MCH72Mw,21125701P0001002495,,Simat,,Wuttikorn,
20 Jan 26,PV-04,AIKO-G650-MCH72Mw,21125701P0001002428,,Simat,,Wuttikorn,
20 Jan 26,PV-04,AIKO-G650-MCH72Mw,21125701P0001000544,,Simat,,Wuttikorn,
20 Jan 26,PV-04,AIKO-G650-MCH72Mw,21125701P0001002426,,Simat,,Wuttikorn,
20 Jan 26,PV-04,AIKO-G650-MCH72Mw,21125701P0001002427,,Simat,,Wuttikorn,
20 Jan 26,PV-05,RS7-595M-E2,A230917H90719,,Simat,,Wuttikorn,
20 Jan 26,PV-05,RS7-595M-E2,A230917H90934,,Simat,,Wuttikorn,
20 Jan 26,PV-05,RS7-595M-E2,A230917H91196,,Simat,,Wuttikorn,
20 Jan 26,PV-05,RS7-595M-E2,A230917H91224,,Simat,,Wuttikorn,
20 Jan 26,PV-05,RS7-595M-E2,A230917H91226,,Simat,,Wuttikorn,
20 Jan 26,PV-05,RS7-595M-E2,A230917H91266,,Simat,,Wuttikorn,
20 Jan 26,PV-05,RS7-595M-E2,A230917H91267,,Simat,,Wuttikorn,
20 Jan 26,PV-07,RS7-620N-E2,A240221H90104,,Simat,,Wuttikorn,
20 Jan 26,PV-07,RS7-620N-E2,A240221H90110,,Simat,,Wuttikorn,
20 Jan 26,PV-07,RS7-620N-E2,A240221H90118,,Simat,,Wuttikorn,
20 Jan 26,PV-07,RS7-620N-E2,A240221H90413,,Simat,,Wuttikorn,
20 Jan 26,PV-07,RS7-620N-E2,A240221H90417,,Simat,,Wuttikorn,
20 Jan 26,PV-07,RS7-620N-E2,A240221H90436,,Simat,,Wuttikorn,
20 Jan 26,PV-07,RS7-620N-E2,A240221H90439,,Simat,,Wuttikorn,
20 Jan 26,PV-07,RS7-620N-E2,A240221H90441,,Simat,,Wuttikorn,
20 Jan 26,PV-07,RS7-620N-E2,A240221H90443,,Simat,,Wuttikorn,
20 Jan 26,PV-07,RS7-620N-E2,A240221H90450,,Simat,,Wuttikorn,
20 Jan 26,PV-07,RS7-620N-E2,A240221H90459,,Simat,,Wuttikorn,
20 Jan 26,PV-07,RS7-620N-E2,A240221H90461,,Simat,,Wuttikorn,
20 Jan 26,PV-07,RS7-620N-E2,A240221H90462,,Simat,,Wuttikorn,
20 Jan 26,PV-07,RS7-620N-E2,A240221H90488,,Simat,,Wuttikorn,
20 Jan 26,PV-07,RS7-620N-E2,A240221H90490,,Simat,,Wuttikorn,
20 Jan 26,PV-07,RS7-620N-E2,A240221H90499,,Simat,,Wuttikorn,
20 Jan 26,PV-07,RS7-620N-E2,A240221H90502,,Simat,,Wuttikorn,
20 Jan 26,PV-07,RS7-620N-E2,A240221H90509,,Simat,,Wuttikorn,
20 Jan 26,PV-07,RS7-620N-E2,A240221H90511,,Simat,,Wuttikorn,
20 Jan 26,PV-07,RS7-620N-E2,A240221H90512,,Simat,,Wuttikorn,
20 Jan 26,PV-07,RS7-620N-E2,A240221H90515,,Simat,,Wuttikorn,
20 Jan 26,PV-07,RS7-620N-E2,A240221H90520,,Simat,,Wuttikorn,
20 Jan 26,PV-07,RS7-620N-E2,A240221H90521,,Simat,,Wuttikorn,
20 Jan 26,PV-07,RS7-620N-E2,A240221H90540,,Simat,,Wuttikorn,
20 Jan 26,PV-07,RS7-620N-E2,A240221H90548,,Simat,,Wuttikorn,
20 Jan 26,PV-07,RS7-620N-E2,A240221H90556,,Simat,,Wuttikorn,
20 Jan 26,PV-07,RS7-620N-E2,A240221H90563,,Simat,,Wuttikorn,
20 Jan 26,PV-07,RS7-620N-E2,A240221H90564,,Simat,,Wuttikorn,
20 Jan 26,PV-07,RS7-620N-E2,A240221H90574,,Simat,,Wuttikorn,
20 Jan 26,PV-07,RS7-620N-E2,A240221H90593,,Simat,,Wuttikorn,
20 Jan 26,PV-07,RS7-620N-E2,A240221H90614,,Simat,,Wuttikorn,
20 Jan 26,PV-07,RS7-620N-E2,A240221H90150,,Simat,,Wuttikorn,
20 Jan 26,PV-07,RS7-620N-E2,A240221H90445,,Simat,,Wuttikorn,
20 Jan 26,PV-07,RS7-620N-E2,A240221H90534,,Simat,,Wuttikorn,
20 Jan 26,MIC-01,HMS-2000 4-in-1 PEA,116494405135,,Simat,,Wuttikorn,
20 Jan 26,MIC-01,HMS-2000 4-in-1 PEA,116494405640,,Simat,,Wuttikorn,
20 Jan 26,MIC-01,HMS-2000 4-in-1 PEA,116494404948,,Simat,,Wuttikorn,
20 Jan 26,MIC-01,HMS-2000 4-in-1 PEA,116494405116,,Simat,,Wuttikorn,
20 Jan 26,MIC-01,HMS-2000 4-in-1 PEA,116494403141,,Simat,,Wuttikorn,
20 Jan 26,MIC-01,HMS-2000 4-in-1 PEA,116493806987,,Simat,,Wuttikorn,
20 Jan 26,MIC-01,HMS-2000 4-in-1 PEA,116494403513,,Simat,,Wuttikorn,
20 Jan 26,MIC-01,HMS-2000 4-in-1 PEA,116494402742,,Simat,,Wuttikorn,
20 Jan 26,MIC-01,HMS-2000 4-in-1 PEA,116494403496,,Simat,,Wuttikorn,
20 Jan 26,MIC-01,HMS-2000 4-in-1 PEA,116493806214,,Simat,,Wuttikorn,
20 Jan 26,MIC-01,HMS-2000 4-in-1 PEA,116494405060,,Simat,,Wuttikorn,
20 Jan 26,MIC-01,HMS-2000 4-in-1 PEA,116494403082,,Simat,,Wuttikorn,
20 Jan 26,MIC-01,HMS-2000 4-in-1 PEA,116494402238,,Simat,,Wuttikorn,
20 Jan 26,MIC-01,HMS-2000 4-in-1 PEA,116494402515,,Simat,,Wuttikorn,
20 Jan 26,MIC-01,HMS-2000 4-in-1 PEA,116494403101,,Simat,,Wuttikorn,
20 Jan 26,MIC-01,HMS-2000 4-in-1 PEA,116494403486,,Simat,,Wuttikorn,
20 Jan 26,MIC-01,HMS-2000 4-in-1 PEA,116494403469,,Simat,,Wuttikorn,
20 Jan 26,MIC-01,HMS-2000 4-in-1 PEA,116494402658,,Simat,,Wuttikorn,
20 Jan 26,MIC-01,HMS-2000 4-in-1 PEA,116494402652,,Simat,,Wuttikorn,
20 Jan 26,MIC-01,HMS-2000 4-in-1 PEA,116494403353,,Simat,,Wuttikorn,
20 Jan 26,MIC-01,HMS-2000 4-in-1 PEA,116494402816,,Simat,,Wuttikorn,
20 Jan 26,MIC-01,HMS-2000 4-in-1 PEA,116493806535,,Simat,,Wuttikorn,
20 Jan 26,MIC-01,HMS-2000 4-in-1 PEA,116494405087,,Simat,,Wuttikorn,
20 Jan 26,MIC-01,HMS-2000 4-in-1 PEA,116494405268,,Simat,,Wuttikorn,
20 Jan 26,MIC-01,HMS-2000 4-in-1 PEA,116494404588,,Simat,,Wuttikorn,
20 Jan 26,MIC-01,HMS-2000 4-in-1 PEA,116494405091,,Simat,,Wuttikorn,
20 Jan 26,MIC-01,HMS-2000 4-in-1 PEA,116494405141,,Simat,,Wuttikorn,
20 Jan 26,MIC-01,HMS-2000 4-in-1 PEA,116494402320,,Simat,,Wuttikorn,
20 Jan 26,MIC-01,HMS-2000 4-in-1 PEA,116494403157,,Simat,,Wuttikorn,
20 Jan 26,MIC-01,HMS-2000 4-in-1 PEA,116494402114,,Simat,,Wuttikorn,
20 Jan 26,MIC-01,HMS-2000 4-in-1 PEA,116494404644,,Simat,,Wuttikorn,
20 Jan 26,MIC-01,HMS-2000 4-in-1 PEA,116494405518,,Simat,,Wuttikorn,
20 Jan 26,MIC-01,HMS-2000 4-in-1 PEA,116494402613,,Simat,,Wuttikorn,
20 Jan 26,MIC-01,HMS-2000 4-in-1 PEA,116494403022,,Simat,,Wuttikorn,
20 Jan 26,MIC-01,HMS-2000 4-in-1 PEA,116493806978,,Simat,,Wuttikorn,
20 Jan 26,MIC-01,HMS-2000 4-in-1 PEA,116493806905,,Simat,,Wuttikorn,
20 Jan 26,MIC-01,HMS-2000 4-in-1 PEA,116493806949,,Simat,,Wuttikorn,
20 Jan 26,MIC-01,HMS-2000 4-in-1 PEA,116494404177,,Simat,,Wuttikorn,
20 Jan 26,MIC-01,HMS-2000 4-in-1 PEA,116494405079,,Simat,,Wuttikorn,
20 Jan 26,MIC-01,HMS-2000 4-in-1 PEA,116494404959,,Simat,,Wuttikorn,
20 Jan 26,MIC-01,HMS-2000 4-in-1 PEA,116494405170,,Simat,,Wuttikorn,
20 Jan 26,MIC-01,HMS-2000 4-in-1 PEA,116494405083,,Simat,,Wuttikorn,
20 Jan 26,MIC-01,HMS-2000 4-in-1 PEA,116494405350,,Simat,,Wuttikorn,
20 Jan 26,MIC-01,HMS-2000 4-in-1 PEA,116494405171,,Simat,,Wuttikorn,
20 Jan 26,MIC-01,HMS-2000 4-in-1 PEA,116494404365,,Simat,,Wuttikorn,
20 Jan 26,MIC-01,HMS-2000 4-in-1 PEA,116494405353,,Simat,,Wuttikorn,
20 Jan 26,MIC-01,HMS-2000 4-in-1 PEA,116494404477,,Simat,,Wuttikorn,
20 Jan 26,MIC-01,HMS-2000 4-in-1 PEA,116491711594,,Simat,,Wuttikorn,
20 Jan 26,MIC-01,HMS-2000 4-in-1 PEA,116494405294,,Simat,,Wuttikorn,
20 Jan 26,MIC-01,HMS-2000 4-in-1 PEA,116494405061,,Simat,,Wuttikorn,
20 Jan 26,MIC-01,HMS-2000 4-in-1 PEA,116494405211,,Simat,,Wuttikorn,
20 Jan 26,MIC-01,HMS-2000 4-in-1 PEA,116494404201,,Simat,,Wuttikorn,
20 Jan 26,MIC-01,HMS-2000 4-in-1 PEA,116494404180,,Simat,,Wuttikorn,
20 Jan 26,MIC-01,HMS-2000 4-in-1 PEA,116494402845,,Simat,,Wuttikorn,
20 Jan 26,MIC-01,HMS-2000 4-in-1 PEA,116491629577,,Simat,,Wuttikorn,
20 Jan 26,MIC-01,HMS-2000 4-in-1 PEA,116494402935,,Simat,,Wuttikorn,
20 Jan 26,MIC-01,HMS-2000 4-in-1 PEA,116494404940,,Simat,,Wuttikorn,
20 Jan 26,MIC-01,HMS-2000 4-in-1 PEA,116494402661,,Simat,,Wuttikorn,SolarWing
20 Jan 26,MIC-02,HMT-2000-4T-MEA,1361A01F51AE,,Simat,,Wuttikorn,
20 Jan 26,MIC-02,HMT-2000-4T-MEA,1361A0218D2E,,Simat,,Wuttikorn,
20 Jan 26,MIC-02,HMT-2000-4T-MEA,1361A02190B4,,Simat,,Wuttikorn,
20 Jan 26,MIC-02,HMT-2000-4T-MEA,1361A0219060,,Simat,,Wuttikorn,
20 Jan 26,MIC-02,HMT-2000-4T-MEA,1361A0219023,,Simat,,Wuttikorn,
20 Jan 26,MIC-02,HMT-2000-4T-MEA,1361A0219030,,Simat,,Wuttikorn,
20 Jan 26,MIC-02,HMT-2000-4T-MEA,1361A0219041,,Simat,,Wuttikorn,
20 Jan 26,MIC-02,HMT-2000-4T-MEA,1361A0219034,,Simat,,Wuttikorn,
20 Jan 26,MIC-02,HMT-2000-4T-MEA,1361A0218EF3,,Simat,,Wuttikorn,
20 Jan 26,MIC-02,HMT-2000-4T-MEA,1361A0145BA1,,Simat,,Wuttikorn,
20 Jan 26,MIC-02,HMT-2000-4T-MEA,1361A01F50E9,,Simat,,Wuttikorn,
20 Jan 26,MIC-02,HMT-2000-4T-MEA,1361A01F51CB,,Simat,,Wuttikorn,
20 Jan 26,MIC-02,HMT-2000-4T-MEA,1361A01F5132,,Simat,,Wuttikorn,
20 Jan 26,MIC-02,HMT-2000-4T-MEA,1361A01F5153,,Simat,,Wuttikorn,
20 Jan 26,MIC-02,HMT-2000-4T-MEA,1361A01F5249,,Simat,,Wuttikorn,
20 Jan 26,MIC-02,HMT-2000-4T-MEA,1361A01F50E3,,Simat,,Wuttikorn,
20 Jan 26,MIC-02,HMT-2000-4T-MEA,1361A01F505B,,Simat,,Wuttikorn,
20 Jan 26,MIC-02,HMT-2000-4T-MEA,1361A01F5166,,Simat,,Wuttikorn,
20 Jan 26,MIC-02,HMT-2000-4T-MEA,1361A01F5186,,Simat,,Wuttikorn,
20 Jan 26,MIC-02,HMT-2000-4T-MEA,1361A0145CA6,,Simat,,Wuttikorn,
20 Jan 26,MIC-02,HMT-2000-4T-MEA,1361A0145CCA,,Simat,,Wuttikorn,
20 Jan 26,MIC-02,HMT-2000-4T-MEA,1361A01F50E5,,Simat,,Wuttikorn,
20 Jan 26,MIC-02,HMT-2000-4T-MEA,1361A01F50C6,,Simat,,Wuttikorn,
20 Jan 26,MIC-02,HMT-2000-4T-MEA,1361A01F51CD,,Simat,,Wuttikorn,
20 Jan 26,MIC-02,HMT-2000-4T-MEA,136192210038,,Simat,,Wuttikorn,
20 Jan 26,MIC-02,HMT-2000-4T-MEA,1361A01F51E8,,Simat,,Wuttikorn,
20 Jan 26,MIC-02,HMT-2000-4T-MEA,136192209177,,Simat,,Wuttikorn,
20 Jan 26,MIC-02,HMT-2000-4T-MEA,136192209242,,Simat,,Wuttikorn,
20 Jan 26,MIC-02,HMT-2000-4T-MEA,136192209964,,Simat,,Wuttikorn,
20 Jan 26,MIC-02,HMT-2000-4T-MEA,136192209421,,Simat,,Wuttikorn,
20 Jan 26,MIC-02,HMT-2000-4T-MEA,136192209313,,Simat,,Wuttikorn,
20 Jan 26,MIC-03,MIT-5000-8T,1520A02998D2,,Simat,,Wuttikorn,
20 Jan 26,MIC-03,MIT-5000-8T,1520A0299930,,Simat,,Wuttikorn,
20 Jan 26,MIC-03,MIT-5000-8T,1520A02999D3,,Simat,,Wuttikorn,
20 Jan 26,MIC-03,MIT-5000-8T,1520A0236DFB,,Simat,,Wuttikorn,
20 Jan 26,MIC-03,MIT-5000-8T,1520A023802E,,Simat,,Wuttikorn,
20 Jan 26,MIC-03,MIT-5000-8T,1520A0236E11,,Simat,,Wuttikorn,
20 Jan 26,DTU-01,DTU-Pro-S wifi version,4121A020C62F,,Simat,,Wuttikorn,
20 Jan 26,DTU-01,DTU-Pro-S wifi version,4121A01515C0,,Simat,,Wuttikorn,
20 Jan 26,DTU-01,DTU-Pro-S wifi version,4121A01510B2,,Simat,,Wuttikorn,
20 Jan 26,DTU-01,DTU-Pro-S wifi version,4121A01514A6,,Simat,,Wuttikorn,
20 Jan 26,DTU-01,DTU-Pro-S wifi version,4121A01F8445,,Simat,,Wuttikorn,
20 Jan 26,DTU-01,DTU-Pro-S wifi version,4121A0151104,,Simat,,Wuttikorn,
20 Jan 26,DTU-01,DTU-Pro-S wifi version,4121A020CBED,,Simat,,Wuttikorn,
20 Jan 26,DTU-01,DTU-Pro-S wifi version,4121A020CC12,,Simat,,Wuttikorn,
20 Jan 26,DTU-01,DTU-Pro-S wifi version,4121A020CBE9,,Simat,,Wuttikorn,
20 Jan 26,DTU-01,DTU-Pro-S wifi version,4121A020C8F4,,Simat,,Wuttikorn,
20 Jan 26,DTU-01,DTU-Pro-S wifi version,4121A020CDBE,,Simat,,Wuttikorn,
20 Jan 26,DTU-01,DTU-Pro-S wifi version,4121A01F9599,,Simat,,Wuttikorn,
20 Jan 26,DTU-01,DTU-Pro-S wifi version,4121A020C816,,Simat,,Wuttikorn,
20 Jan 26,DTU-01,DTU-Pro-S wifi version,4121A020CBE5,,Simat,,Wuttikorn,
20 Jan 26,DTU-01,DTU-Pro-S wifi version,4121A01513C1,,Simat,,Wuttikorn,
20 Jan 26,DTU-01,DTU-Pro-S wifi version,4121A012F834,,Simat,,Wuttikorn,
20 Jan 26,DTU-01,DTU-Pro-S wifi version,4121A039865D,,Simat,,Wuttikorn,
20 Jan 26,DTU-01,DTU-Pro-S wifi version,4121A01F9863,,Simat,,Wuttikorn,
20 Jan 26,DTU-01,DTU-Pro-S wifi version,4121A0151661,,Simat,,Wuttikorn,
20 Jan 26,DTU-01,DTU-Pro-S wifi version,4121A01510F9,,Simat,,Wuttikorn,
20 Jan 26,DTU-01,DTU-Pro-S wifi version,4121A015148C,,Simat,,Wuttikorn,
20 Jan 26,DTU-01,DTU-Pro-S wifi version,4121A0396BD5,,Simat,,Wuttikorn,
20 Jan 26,DTU-01,DTU-Pro-S wifi version,4121A0396D11,,Simat,,Wuttikorn,
20 Jan 26,DTU-01,DTU-Pro-S wifi version,4121A0396C6C,,Simat,,Wuttikorn,
20 Jan 26,DTU-01,DTU-Pro-S wifi version,4121A015189E,,Simat,,Wuttikorn,
20 Jan 26,DTU-01,DTU-Pro-S wifi version,4121A01514BA,,Simat,,Wuttikorn,
20 Jan 26,DTU-01,DTU-Pro-S wifi version,4121A00321AA,,Simat,,Wuttikorn,
20 Jan 26,DTU-01,DTU-Pro-S wifi version,4121A003210D,,Simat,,Wuttikorn,
20 Jan 26,DTU-01,DTU-Pro-S wifi version,4121A01FC01F,,Simat,,Wuttikorn,
20 Jan 26,DTU-01,DTU-Pro-S wifi version,4121A01FB8A0,,Simat,,Wuttikorn,
20 Jan 26,DTU-01,DTU-Pro-S wifi version,4121A020CD6A,,Simat,,Wuttikorn,
20 Jan 26,DTU-01,DTU-Pro-S wifi version,4121A020CBEC,,Simat,,Wuttikorn,
20 Jan 26,DTU-01,DTU-Pro-S wifi version,4121A0396D02,,Simat,,Wuttikorn,
20 Jan 26,DTU-01,DTU-Pro-S wifi version,4121A020CD3E,,Simat,,Wuttikorn,
20 Jan 26,DTU-01,DTU-Pro-S wifi version,4121A01FC329,,Simat,,Wuttikorn,
20 Jan 26,DTU-01,DTU-Pro-S wifi version,4121A01FC216,,Simat,,Wuttikorn,
20 Jan 26,DTU-01,DTU-Pro-S wifi version,4121A01FB8AA,,Simat,,Wuttikorn,
20 Jan 26,DTU-01,DTU-Pro-S wifi version,4121A01FB8AA,,Simat,,Wuttikorn,
20 Jan 26,SM-01,DDSU666New-Via-CT-100A,4F04A0006161,,Simat,,Wuttikorn,
20 Jan 26,SM-01,DDSU666New-Via-CT-100A,4F04A0005213,,Simat,,Wuttikorn,
20 Jan 26,SM-01,DDSU666New-Via-CT-100A,4F04A0005228,,Simat,,Wuttikorn,
20 Jan 26,SM-01,DDSU666New-Via-CT-100A,4F04A0006154,,Simat,,Wuttikorn,
20 Jan 26,SM-01,DDSU666New-Via-CT-100A,4F04A0005202,,Simat,,Wuttikorn,
20 Jan 26,SM-01,DDSU666New-Via-CT-100A,4F04A0005229,,Simat,,Wuttikorn,
20 Jan 26,SM-01,DDSU666New-Via-CT-100A,4F04A0005235,,Simat,,Wuttikorn,
20 Jan 26,SM-01,DDSU666New-Via-CT-100A,4F04A0005238,,Simat,,Wuttikorn,
20 Jan 26,SM-01,DDSU666New-Via-CT-100A,4F04A0005218,,Simat,,Wuttikorn,
20 Jan 26,SM-01,DDSU666New-Via-CT-100A,4F04A0005242,,Simat,,Wuttikorn,
20 Jan 26,SM-01,DDSU666New-Via-CT-100A,4F04A0005215,,Simat,,Wuttikorn,
20 Jan 26,SM-01,DDSU666New-Via-CT-100A,4F04A0006166,,Simat,,Wuttikorn,
20 Jan 26,SM-01,DDSU666New-Via-CT-100A,4F04A0005232,,Simat,,Wuttikorn,
20 Jan 26,SM-01,DDSU666New-Via-CT-100A,4F04A0005234,,Simat,,Wuttikorn,
20 Jan 26,SM-01,DDSU666New-Via-CT-100A,4F04A0006165,,Simat,,Wuttikorn,
20 Jan 26,SM-01,DDSU666New-Via-CT-100A,4F04A0006157,,Simat,,Wuttikorn,
20 Jan 26,SM-01,DDSU666New-Via-CT-100A,4F04A0005224,,Simat,,Wuttikorn,
20 Jan 26,SM-01,DDSU666New-Via-CT-100A,4F04A0005220,,Simat,,Wuttikorn,
20 Jan 26,SM-01,DDSU666New-Via-CT-100A,4F04A0005230,,Simat,,Wuttikorn,
20 Jan 26,SM-01,DDSU666New-Via-CT-100A,4F04A0006151,,Simat,,Wuttikorn,
20 Jan 26,SM-01,DDSU666New-Via-CT-100A,4F04A0006174,,Simat,,Wuttikorn,
20 Jan 26,SM-01,DDSU666New-Via-CT-100A,4F04A0006152,,Simat,,Wuttikorn,
20 Jan 26,SM-01,DDSU666New-Via-CT-100A,4F04A0006169,,Simat,,Wuttikorn,
20 Jan 26,SM-01,DDSU666New-Via-CT-100A,4F04A0006150,,Simat,,Wuttikorn,
20 Jan 26,SM-01,DDSU666New-Via-CT-100A,4F04A0005241,,Simat,,Wuttikorn,
20 Jan 26,SM-01,DDSU666New-Via-CT-100A,4F04A0006156,,Simat,,Wuttikorn,
20 Jan 26,SM-01,DDSU666New-Via-CT-100A,4F04A0006155,,Simat,,Wuttikorn,
20 Jan 26,SM-01,DDSU666New-Via-CT-100A,4F04A0006172,,Simat,,Wuttikorn,
20 Jan 26,SM-01,DDSU666New-Via-CT-100A,4F04A0006160,,Simat,,Wuttikorn,
20 Jan 26,SM-01,DDSU666New-Via-CT-100A,4F04A0006153,,Simat,,Wuttikorn,
20 Jan 26,SM-01,DDSU666New-Via-CT-100A,4F04A0005233,,Simat,,Wuttikorn,
20 Jan 26,SM-01,DDSU666New-Via-CT-100A,4F04A0006164,,Simat,,Wuttikorn,
20 Jan 26,SM-01,DDSU666New-Via-CT-100A,4F04A0006175,,Simat,,Wuttikorn,
20 Jan 26,SM-01,DDSU666New-Via-CT-100A,4F04A0005221,,Simat,,Wuttikorn,
20 Jan 26,SM-01,DDSU666New-Via-CT-100A,4F04A0005203,,Simat,,Wuttikorn,
20 Jan 26,SM-01,DDSU666New-Via-CT-100A,4F04A0005237,,Simat,,Wuttikorn,
20 Jan 26,SM-01,DDSU666New-Via-CT-100A,4F04A0006162,,Simat,,Wuttikorn,
20 Jan 26,SM-02,DTS666New-Via-CT-3-100A,4F05A0002224,,Simat,,Wuttikorn,
20 Jan 26,SM-02,DTS666New-Via-CT-3-100A,10C016947138,,Simat,,Wuttikorn,
20 Jan 26,SM-02,DTS666New-Via-CT-3-100A,4F05A0002222,,Simat,,Wuttikorn,
20 Jan 26,SM-02,DTS666New-Via-CT-3-100A,4F05A0002219,,Simat,,Wuttikorn,
20 Jan 26,SM-02,DTS666New-Via-CT-3-100A,4F05A0002217,,Simat,,Wuttikorn,
20 Jan 26,SM-02,DTS666New-Via-CT-3-100A,4F05A0002221,,Simat,,Wuttikorn,
20 Jan 26,SM-02,DTS666New-Via-CT-3-100A,4F05A0002218,,Simat,,Wuttikorn,
20 Jan 26,SM-02,DTS666New-Via-CT-3-100A,4F05A0002223,,Simat,,Wuttikorn,
20 Jan 26,SM-02,DTS666New-Via-CT-3-100A,10C016947139,,Simat,,Wuttikorn,
20 Jan 26,SM-03,DTS666New-Via-CT-3-250A,10C017852004,,Simat,,Wuttikorn,
20 Jan 26,SM-03,DTS666New-Via-CT-3-250A,10C017852008,,Simat,,Wuttikorn,
20 Jan 26,SM-03,DTS666New-Via-CT-3-250A,10C017852061,,Simat,,Wuttikorn,
20 Jan 26,SM-03,DTS666New-Via-CT-3-250A,10C017852062,,Simat,,Wuttikorn,
20 Jan 26,SM-03,DTS666New-Via-CT-3-250A,4F06A0000050,,Simat,,Wuttikorn,
20 Jan 26,SM-03,DTS666New-Via-CT-3-250A,4F06A0000037,,Simat,,Wuttikorn,
20 Jan 26,SM-03,DTS666New-Via-CT-3-250A,10C017852064,,Simat,,Wuttikorn,
20 Jan 26,SM-03,DTS666New-Via-CT-3-250A,10C017852022,,Simat,,Wuttikorn,
20 Jan 26,SM-03,DTS666New-Via-CT-3-250A,10C017852065,,Simat,,Wuttikorn,
20 Jan 26,SM-03,DTS666New-Via-CT-3-250A,10C017852021,,Simat,,Wuttikorn,
20 Jan 26,SM-03,DTS666New-Via-CT-3-250A,4F06A0000042,,Simat,,Wuttikorn,
20 Jan 26,SM-03,DTS666New-Via-CT-3-250A,10C017852237,,Simat,,Wuttikorn,
20 Jan 26,SM-03,DTS666New-Via-CT-3-250A,4F06A0000040,,Simat,,Wuttikorn,
20 Jan 26,SM-03,DTS666New-Via-CT-3-250A,10C017852005,,Simat,,Wuttikorn,
20 Jan 26,SM-03,DTS666New-Via-CT-3-250A,10C017852066,,Simat,,Wuttikorn,
20 Jan 26,SM-03,DTS666New-Via-CT-3-250A,4F06A0000043,,Simat,,Wuttikorn,
20 Jan 26,SM-03,DTS666New-Via-CT-3-250A,10C017852026,,Simat,,Wuttikorn,
20 Jan 26,SM-03,DTS666New-Via-CT-3-250A,10C017852024,,Simat,,Wuttikorn,
20 Jan 26,SM-03,DTS666New-Via-CT-3-250A,4F06A0000044,,Simat,,Wuttikorn,
20 Jan 26,SM-03,DTS666New-Via-CT-3-250A,10C017852060,,Simat,,Wuttikorn,
20 Jan 26,SM-03,DTS666New-Via-CT-3-250A,4F06A0000041,,Simat,,Wuttikorn,
20 Jan 26,SM-03,DTS666New-Via-CT-3-250A,4F06A0000039,,Simat,,Wuttikorn,
20 Jan 26,SM-03,DTS666New-Via-CT-3-250A,10C017852003,,Simat,,Wuttikorn,
20 Jan 26,SM-03,DTS666New-Via-CT-3-250A,10C017852032,,Simat,,Wuttikorn,
20 Jan 26,SM-03,DTS666New-Via-CT-3-250A,4F06A0000051,,Simat,,Wuttikorn,
20 Jan 26,SM-03,DTS666New-Via-CT-3-250A,10C017852063,,Simat,,Wuttikorn,
20 Jan 26,SM-03,DTS666New-Via-CT-3-250A,10C017852033,,Simat,,Wuttikorn,
20 Jan 26,SM-03,DTS666New-Via-CT-3-250A,4F06A0000038,,Simat,,Wuttikorn,
20 Jan 26,SM-03,DTS666New-Via-CT-3-250A,10C017852034,,Simat,,Wuttikorn,
20 Jan 26,SM-03,DTS666New-Via-CT-3-250A,10C017852009,,Simat,,Wuttikorn,
20 Jan 26,SM-03,DTS666New-Via-CT-3-250A,4F06A0000625,,Simat,,Wuttikorn,
20 Jan 26,SM-03,DTS666New-Via-CT-3-250A,4F06A0000627,,Simat,,Wuttikorn,
20 Jan 26,SM-03,DTS666New-Via-CT-3-250A,4F06A0000628,,Simat,,Wuttikorn,
20 Jan 26,SM-03,DTS666New-Via-CT-3-250A,4F06A0000608,,Simat,,Wuttikorn,
20 Jan 26,SM-03,DTS666New-Via-CT-3-250A,4F06A0000629,,Simat,,Wuttikorn,
20 Jan 26,SM-03,DTS666New-Via-CT-3-250A,4F06A0000624,,Simat,,Wuttikorn,
20 Jan 26,SM-03,DTS666New-Via-CT-3-250A,4F06A0000630,,Simat,,Wuttikorn,
20 Jan 26,SM-03,DTS666New-Via-CT-3-250A,4F06A0000632,,Simat,,Wuttikorn,
20 Jan 26,SM-03,DTS666New-Via-CT-3-250A,4F06A0000634,,Simat,,Wuttikorn,
20 Jan 26,SM-03,DTS666New-Via-CT-3-250A,4F06A0000633,,Simat,,Wuttikorn,
20 Jan 26,SM-03,DTS666New-Via-CT-3-250A,4F06A0000635,,Simat,,Wuttikorn,
20 Jan 26,SM-03,DTS666New-Via-CT-3-250A,4F06A0000631,,Simat,,Wuttikorn,
20 Jan 26,SM-03,DTS666New-Via-CT-3-250A,4F06A0000626,,Simat,,Wuttikorn,
20 Jan 26,SM-03,DTS666New-Via-CT-3-250A,4F06A0000623,,Simat,,Wuttikorn,
20 Jan 26,PV-08,LONGi 555Wp,LRP904094230501902458,,Simat,,Wuttikorn,
20 Jan 26,PV-08,LONGi 555Wp,LRP904094230501901527,,Simat,,Wuttikorn,
20 Jan 26,PV-08,LONGi 555Wp,LRP904094230501900056,,Simat,,Wuttikorn,
20 Jan 26,PV-08,LONGi 555Wp,LRP904094230501902449,,Simat,,Wuttikorn,
20 Jan 26,PV-08,LONGi 555Wp,LRP904094230501901836,,Simat,,Wuttikorn,
20 Jan 26,PV-08,LONGi 555Wp,LRP904094230501900081,,Simat,,Wuttikorn,
20 Jan 26,PV-08,LONGi 555Wp,LRP904094230501905443,,Simat,,Wuttikorn,
20 Jan 26,PV-08,LONGi 555Wp,LRP904094230501905288,,Simat,,Wuttikorn,
20 Jan 26,ACC-01,3P-AC Trunk cable_14T_14L_10AWG-3.05m,ACTB3P0001,,Simat,,Wuttikorn,
20 Jan 26,ACC-01,3P-AC Trunk cable_14T_14L_10AWG-3.05m,ACTB3P0002,,Simat,,Wuttikorn,
20 Jan 26,ACC-03,3P-AC Trunk End Cap,ACTC3P0001,,Simat,,Wuttikorn,
20 Jan 26,ACC-03,3P-AC Trunk End Cap,ACTC3P0002,,Simat,,Wuttikorn,
20 Jan 26,ACC-03,3P-AC Trunk End Cap,ACTC3P0003,,Simat,,Wuttikorn,
20 Jan 26,ACC-03,3P-AC Trunk End Cap,ACTC3P0004,,Simat,,Wuttikorn,
20 Jan 26,ACC-03,3P-AC Trunk End Cap,ACTC3P0005,,Simat,,Wuttikorn,
20 Jan 26,ACC-03,3P-AC Trunk End Cap,ACTC3P0006,,Simat,,Wuttikorn,
20 Jan 26,ACC-03,3P-AC Trunk End Cap,ACTC3P0007,,Simat,,Wuttikorn,
20 Jan 26,ACC-03,3P-AC Trunk End Cap,ACTC3P0008,,Simat,,Wuttikorn,
20 Jan 26,ACC-03,3P-AC Trunk End Cap,ACTC3P0009,,Simat,,Wuttikorn,
20 Jan 26,ACC-03,3P-AC Trunk End Cap,ACTC3P0010,,Simat,,Wuttikorn,
20 Jan 26,ACC-03,3P-AC Trunk End Cap,ACTC3P0011,,Simat,,Wuttikorn,
20 Jan 26,ACC-03,3P-AC Trunk End Cap,ACTC3P0012,,Simat,,Wuttikorn,
20 Jan 26,ACC-03,3P-AC Trunk End Cap,ACTC3P0013,,Simat,,Wuttikorn,
20 Jan 26,ACC-03,3P-AC Trunk End Cap,ACTC3P0014,,Simat,,Wuttikorn,
20 Jan 26,ACC-03,3P-AC Trunk End Cap,ACTC3P0015,,Simat,,Wuttikorn,
20 Jan 26,ACC-03,3P-AC Trunk End Cap,ACTC3P0016,,Simat,,Wuttikorn,
20 Jan 26,ACC-03,3P-AC Trunk End Cap,ACTC3P0017,,Simat,,Wuttikorn,
20 Jan 26,ACC-03,3P-AC Trunk End Cap,ACTC3P0018,,Simat,,Wuttikorn,
20 Jan 26,ACC-03,3P-AC Trunk End Cap,ACTC3P0019,,Simat,,Wuttikorn,
20 Jan 26,ACC-03,3P-AC Trunk End Cap,ACTC3P0020,,Simat,,Wuttikorn,
20 Jan 26,ACC-04,3P-AC Trunk Port Disconnect Tool,ACTD3P0001,,Simat,,Wuttikorn,
20 Jan 26,ACC-04,3P-AC Trunk Port Disconnect Tool,ACTD3P0002,,Simat,,Wuttikorn,
20 Jan 26,ACC-04,3P-AC Trunk Port Disconnect Tool,ACTD3P0003,,Simat,,Wuttikorn,
20 Jan 26,ACC-04,3P-AC Trunk Port Disconnect Tool,ACTD3P0004,,Simat,,Wuttikorn,
20 Jan 26,ACC-04,3P-AC Trunk Port Disconnect Tool,ACTD3P0005,,Simat,,Wuttikorn,
20 Jan 26,ACC-06,AC Trunk Cable_1T_1L_10AWG-2m,ACTB1P0001,,Simat,,Wuttikorn,
20 Jan 26,ACC-06,AC Trunk Cable_1T_1L_10AWG-2m,ACTB1P0002,,Simat,,Wuttikorn,
20 Jan 26,ACC-06,AC Trunk Cable_1T_1L_10AWG-2m,ACTB1P0003,,Simat,,Wuttikorn,
20 Jan 26,ACC-06,AC Trunk Cable_1T_1L_10AWG-2m,ACTB1P0004,,Simat,,Wuttikorn,
20 Jan 26,ACC-06,AC Trunk Cable_1T_1L_10AWG-2m,ACTB1P0005,,Simat,,Wuttikorn,
20 Jan 26,ACC-06,AC Trunk Cable_1T_1L_10AWG-2m,ACTB1P0006,,Simat,,Wuttikorn,
20 Jan 26,ACC-06,AC Trunk Cable_1T_1L_10AWG-2m,ACTB1P0007,,Simat,,Wuttikorn,
20 Jan 26,ACC-06,AC Trunk Cable_1T_1L_10AWG-2m,ACTB1P0008,,Simat,,Wuttikorn,
20 Jan 26,ACC-06,AC Trunk Cable_1T_1L_10AWG-2m,ACTB1P0009,,Simat,,Wuttikorn,
20 Jan 26,ACC-06,AC Trunk Cable_1T_1L_10AWG-2m,ACTB1P0010,,Simat,,Wuttikorn,
20 Jan 26,ACC-06,AC Trunk Cable_1T_1L_10AWG-2m,ACTB1P0011,,Simat,,Wuttikorn,
20 Jan 26,ACC-06,AC Trunk Cable_1T_1L_10AWG-2m,ACTB1P0012,,Simat,,Wuttikorn,
20 Jan 26,ACC-06,AC Trunk Cable_1T_1L_10AWG-2m,ACTB1P0013,,Simat,,Wuttikorn,
20 Jan 26,ACC-06,AC Trunk Cable_1T_1L_10AWG-2m,ACTB1P0014,,Simat,,Wuttikorn,
20 Jan 26,ACC-06,AC Trunk Cable_1T_1L_10AWG-2m,ACTB1P0015,,Simat,,Wuttikorn,
20 Jan 26,ACC-06,AC Trunk Cable_1T_1L_10AWG-2m,ACTB1P0016,,Simat,,Wuttikorn,
20 Jan 26,ACC-06,AC Trunk Cable_1T_1L_10AWG-2m,ACTB1P0017,,Simat,,Wuttikorn,
20 Jan 26,ACC-06,AC Trunk Cable_1T_1L_10AWG-2m,ACTB1P0018,,Simat,,Wuttikorn,
20 Jan 26,ACC-06,AC Trunk Cable_1T_1L_10AWG-2m,ACTB1P0019,,Simat,,Wuttikorn,
20 Jan 26,ACC-06,AC Trunk Cable_1T_1L_10AWG-2m,ACTB1P0020,,Simat,,Wuttikorn,
20 Jan 26,ACC-06,AC Trunk Cable_1T_1L_10AWG-2m,ACTB1P0021,,Simat,,Wuttikorn,
20 Jan 26,ACC-06,AC Trunk Cable_1T_1L_10AWG-2m,ACTB1P0022,,Simat,,Wuttikorn,
20 Jan 26,ACC-06,AC Trunk Cable_1T_1L_10AWG-2m,ACTB1P0023,,Simat,,Wuttikorn,
20 Jan 26,ACC-06,AC Trunk Cable_1T_1L_10AWG-2m,ACTB1P0024,,Simat,,Wuttikorn,
20 Jan 26,ACC-06,AC Trunk Cable_1T_1L_10AWG-2m,ACTB1P0025,,Simat,,Wuttikorn,
20 Jan 26,ACC-06,AC Trunk Cable_1T_1L_10AWG-2m,ACTB1P0026,,Simat,,Wuttikorn,
20 Jan 26,ACC-06,AC Trunk Cable_1T_1L_10AWG-2m,ACTB1P0027,,Simat,,Wuttikorn,
20 Jan 26,ACC-06,AC Trunk Cable_1T_1L_10AWG-2m,ACTB1P0028,,Simat,,Wuttikorn,
20 Jan 26,ACC-06,AC Trunk Cable_1T_1L_10AWG-2m,ACTB1P0029,,Simat,,Wuttikorn,
20 Jan 26,ACC-06,AC Trunk Cable_1T_1L_10AWG-2m,ACTB1P0030,,Simat,,Wuttikorn,
20 Jan 26,ACC-06,AC Trunk Cable_1T_1L_10AWG-2m,ACTB1P0031,,Simat,,Wuttikorn,
20 Jan 26,ACC-06,AC Trunk Cable_1T_1L_10AWG-2m,ACTB1P0032,,Simat,,Wuttikorn,
20 Jan 26,ACC-06,AC Trunk Cable_1T_1L_10AWG-2m,ACTB1P0033,,Simat,,Wuttikorn,
20 Jan 26,ACC-06,AC Trunk Cable_1T_1L_10AWG-2m,ACTB1P0034,,Simat,,Wuttikorn,
20 Jan 26,ACC-06,AC Trunk Cable_1T_1L_10AWG-2m,ACTB1P0035,,Simat,,Wuttikorn,
20 Jan 26,ACC-06,AC Trunk Cable_1T_1L_10AWG-2m,ACTB1P0036,,Simat,,Wuttikorn,
20 Jan 26,ACC-06,AC Trunk Cable_1T_1L_10AWG-2m,ACTB1P0037,,Simat,,Wuttikorn,
20 Jan 26,ACC-06,AC Trunk Cable_1T_1L_10AWG-2m,ACTB1P0038,,Simat,,Wuttikorn,
20 Jan 26,ACC-06,AC Trunk Cable_1T_1L_10AWG-2m,ACTB1P0039,,Simat,,Wuttikorn,
20 Jan 26,ACC-06,AC Trunk Cable_1T_1L_10AWG-2m,ACTB1P0040,,Simat,,Wuttikorn,
20 Jan 26,ACC-06,AC Trunk Cable_1T_1L_10AWG-2m,ACTB1P0041,,Simat,,Wuttikorn,
20 Jan 26,ACC-06,AC Trunk Cable_1T_1L_10AWG-2m,ACTB1P0042,,Simat,,Wuttikorn,
20 Jan 26,ACC-06,AC Trunk Cable_1T_1L_10AWG-2m,ACTB1P0043,,Simat,,Wuttikorn,
20 Jan 26,ACC-06,AC Trunk Cable_1T_1L_10AWG-2m,ACTB1P0044,,Simat,,Wuttikorn,
20 Jan 26,ACC-06,AC Trunk Cable_1T_1L_10AWG-2m,ACTB1P0045,,Simat,,Wuttikorn,
20 Jan 26,ACC-06,AC Trunk Cable_1T_1L_10AWG-2m,ACTB1P0046,,Simat,,Wuttikorn,
20 Jan 26,ACC-06,AC Trunk Cable_1T_1L_10AWG-2m,ACTB1P0047,,Simat,,Wuttikorn,
20 Jan 26,ACC-06,AC Trunk Cable_1T_1L_10AWG-2m,ACTB1P0048,,Simat,,Wuttikorn,
20 Jan 26,ACC-06,AC Trunk Cable_1T_1L_10AWG-2m,ACTB1P0049,,Simat,,Wuttikorn,
20 Jan 26,ACC-06,AC Trunk Cable_1T_1L_10AWG-2m,ACTB1P0050,,Simat,,Wuttikorn,
20 Jan 26,ACC-06,AC Trunk Cable_1T_1L_10AWG-2m,ACTB1P0051,,Simat,,Wuttikorn,
20 Jan 26,ACC-06,AC Trunk Cable_1T_1L_10AWG-2m,ACTB1P0052,,Simat,,Wuttikorn,
20 Jan 26,ACC-06,AC Trunk Cable_1T_1L_10AWG-2m,ACTB1P0053,,Simat,,Wuttikorn,
20 Jan 26,ACC-07,AC Trunk Connector Unlock Tool,ACTU1P0001,,Simat,,Wuttikorn,
20 Jan 26,ACC-08,AC Trunk End Cap,ACTC1P0001,,Simat,,Wuttikorn,
20 Jan 26,ACC-08,AC Trunk End Cap,ACTC1P0002,,Simat,,Wuttikorn,
20 Jan 26,ACC-08,AC Trunk End Cap,ACTC1P0003,,Simat,,Wuttikorn,
20 Jan 26,ACC-08,AC Trunk End Cap,ACTC1P0004,,Simat,,Wuttikorn,
20 Jan 26,ACC-08,AC Trunk End Cap,ACTC1P0005,,Simat,,Wuttikorn,
20 Jan 26,ACC-08,AC Trunk End Cap,ACTC1P0006,,Simat,,Wuttikorn,
20 Jan 26,ACC-08,AC Trunk End Cap,ACTC1P0007,,Simat,,Wuttikorn,
20 Jan 26,ACC-08,AC Trunk End Cap,ACTC1P0008,,Simat,,Wuttikorn,
20 Jan 26,ACC-08,AC Trunk End Cap,ACTC1P0009,,Simat,,Wuttikorn,
20 Jan 26,ACC-08,AC Trunk End Cap,ACTC1P0010,,Simat,,Wuttikorn,
20 Jan 26,ACC-08,AC Trunk End Cap,ACTC1P0011,,Simat,,Wuttikorn,
20 Jan 26,ACC-08,AC Trunk End Cap,ACTC1P0012,,Simat,,Wuttikorn,
20 Jan 26,ACC-08,AC Trunk End Cap,ACTC1P0013,,Simat,,Wuttikorn,
20 Jan 26,ACC-08,AC Trunk End Cap,ACTC1P0014,,Simat,,Wuttikorn,
20 Jan 26,ACC-08,AC Trunk End Cap,ACTC1P0015,,Simat,,Wuttikorn,
20 Jan 26,ACC-08,AC Trunk End Cap,ACTC1P0016,,Simat,,Wuttikorn,
20 Jan 26,ACC-08,AC Trunk End Cap,ACTC1P0017,,Simat,,Wuttikorn,
20 Jan 26,ACC-08,AC Trunk End Cap,ACTC1P0018,,Simat,,Wuttikorn,
20 Jan 26,ACC-08,AC Trunk End Cap,ACTC1P0019,,Simat,,Wuttikorn,
20 Jan 26,ACC-08,AC Trunk End Cap,ACTC1P0020,,Simat,,Wuttikorn,
20 Jan 26,ACC-08,AC Trunk End Cap,ACTC1P0021,,Simat,,Wuttikorn,
20 Jan 26,ACC-08,AC Trunk End Cap,ACTC1P0022,,Simat,,Wuttikorn,
20 Jan 26,ACC-08,AC Trunk End Cap,ACTC1P0023,,Simat,,Wuttikorn,
20 Jan 26,ACC-08,AC Trunk End Cap,ACTC1P0024,,Simat,,Wuttikorn,
20 Jan 26,ACC-08,AC Trunk End Cap,ACTC1P0025,,Simat,,Wuttikorn,
20 Jan 26,ACC-08,AC Trunk End Cap,ACTC1P0026,,Simat,,Wuttikorn,
20 Jan 26,ACC-08,AC Trunk End Cap,ACTC1P0027,,Simat,,Wuttikorn,
20 Jan 26,ACC-08,AC Trunk End Cap,ACTC1P0028,,Simat,,Wuttikorn,
20 Jan 26,ACC-08,AC Trunk End Cap,ACTC1P0029,,Simat,,Wuttikorn,
20 Jan 26,ACC-08,AC Trunk End Cap,ACTC1P0030,,Simat,,Wuttikorn,
20 Jan 26,ACC-08,AC Trunk End Cap,ACTC1P0031,,Simat,,Wuttikorn,
20 Jan 26,ACC-08,AC Trunk End Cap,ACTC1P0032,,Simat,,Wuttikorn,
20 Jan 26,ACC-08,AC Trunk End Cap,ACTC1P0033,,Simat,,Wuttikorn,
20 Jan 26,ACC-08,AC Trunk End Cap,ACTC1P0034,,Simat,,Wuttikorn,
20 Jan 26,ACC-08,AC Trunk End Cap,ACTC1P0035,,Simat,,Wuttikorn,
20 Jan 26,ACC-08,AC Trunk End Cap,ACTC1P0036,,Simat,,Wuttikorn,
20 Jan 26,ACC-08,AC Trunk End Cap,ACTC1P0037,,Simat,,Wuttikorn,
20 Jan 26,ACC-08,AC Trunk End Cap,ACTC1P0038,,Simat,,Wuttikorn,
20 Jan 26,ACC-08,AC Trunk End Cap,ACTC1P0039,,Simat,,Wuttikorn,
20 Jan 26,ACC-08,AC Trunk End Cap,ACTC1P0040,,Simat,,Wuttikorn,
20 Jan 26,ACC-08,AC Trunk End Cap,ACTC1P0041,,Simat,,Wuttikorn,
20 Jan 26,ACC-08,AC Trunk End Cap,ACTC1P0042,,Simat,,Wuttikorn,
20 Jan 26,ACC-09,AC Trunk Port Disconnect Tool,ACTD1P0001,,Simat,,Wuttikorn,
20 Jan 26,ACC-10,HMS Cable Terminal Connector,HMSBT1P0001,,Simat,,Wuttikorn,
20 Jan 26,ACC-10,HMS Cable Terminal Connector,HMSBT1P0002,,Simat,,Wuttikorn,
20 Jan 26,ACC-10,HMS Cable Terminal Connector,HMSBT1P0003,,Simat,,Wuttikorn,
20 Jan 26,ACC-10,HMS Cable Terminal Connector,HMSBT1P0004,,Simat,,Wuttikorn,
20 Jan 26,ACC-10,HMS Cable Terminal Connector,HMSBT1P0005,,Simat,,Wuttikorn,
20 Jan 26,ACC-10,HMS Cable Terminal Connector,HMSBT1P0006,,Simat,,Wuttikorn,
20 Jan 26,ACC-10,HMS Cable Terminal Connector,HMSBT1P0007,,Simat,,Wuttikorn,
20 Jan 26,ACC-10,HMS Cable Terminal Connector,HMSBT1P0008,,Simat,,Wuttikorn,
20 Jan 26,ACC-10,HMS Cable Terminal Connector,HMSBT1P0009,,Simat,,Wuttikorn,
20 Jan 26,ACC-10,HMS Cable Terminal Connector,HMSBT1P0010,,Simat,,Wuttikorn,
20 Jan 26,ACC-10,HMS Cable Terminal Connector,HMSBT1P0011,,Simat,,Wuttikorn,
20 Jan 26,ACC-10,HMS Cable Terminal Connector,HMSBT1P0012,,Simat,,Wuttikorn,
20 Jan 26,ACC-10,HMS Cable Terminal Connector,HMSBT1P0013,,Simat,,Wuttikorn,
20 Jan 26,ACC-10,HMS Cable Terminal Connector,HMSBT1P0014,,Simat,,Wuttikorn,
20 Jan 26,ACC-10,HMS Cable Terminal Connector,HMSBT1P0015,,Simat,,Wuttikorn,
20 Jan 26,ACC-10,HMS Cable Terminal Connector,HMSBT1P0016,,Simat,,Wuttikorn,
20 Jan 26,ACC-10,HMS Cable Terminal Connector,HMSBT1P0017,,Simat,,Wuttikorn,
20 Jan 26,ACC-10,HMS Cable Terminal Connector,HMSBT1P0018,,Simat,,Wuttikorn,
20 Jan 26,ACC-10,HMS Cable Terminal Connector,HMSBT1P0019,,Simat,,Wuttikorn,
20 Jan 26,ACC-10,HMS Cable Terminal Connector,HMSBT1P0020,,Simat,,Wuttikorn,
20 Jan 26,ACC-10,HMS Cable Terminal Connector,HMSBT1P0021,,Simat,,Wuttikorn,
20 Jan 26,ACC-10,HMS Cable Terminal Connector,HMSBT1P0022,,Simat,,Wuttikorn,
20 Jan 26,ACC-10,HMS Cable Terminal Connector,HMSBT1P0023,,Simat,,Wuttikorn,
20 Jan 26,ACC-10,HMS Cable Terminal Connector,HMSBT1P0024,,Simat,,Wuttikorn,
20 Jan 26,ACC-10,HMS Cable Terminal Connector,HMSBT1P0025,,Simat,,Wuttikorn,
20 Jan 26,ACC-10,HMS Cable Terminal Connector,HMSBT1P0026,,Simat,,Wuttikorn,
20 Jan 26,ACC-10,HMS Cable Terminal Connector,HMSBT1P0027,,Simat,,Wuttikorn,
20 Jan 26,ACC-10,HMS Cable Terminal Connector,HMSBT1P0028,,Simat,,Wuttikorn,
20 Jan 26,ACC-10,HMS Cable Terminal Connector,HMSBT1P0029,,Simat,,Wuttikorn,
20 Jan 26,ACC-10,HMS Cable Terminal Connector,HMSBT1P0030,,Simat,,Wuttikorn,
20 Jan 26,ACC-10,HMS Cable Terminal Connector,HMSBT1P0031,,Simat,,Wuttikorn,
20 Jan 26,ACC-10,HMS Cable Terminal Connector,HMSBT1P0032,,Simat,,Wuttikorn,
20 Jan 26,ACC-10,HMS Cable Terminal Connector,HMSBT1P0033,,Simat,,Wuttikorn,
20 Jan 26,ACC-10,HMS Cable Terminal Connector,HMSBT1P0034,,Simat,,Wuttikorn,
20 Jan 26,ACC-10,HMS Cable Terminal Connector,HMSBT1P0035,,Simat,,Wuttikorn,
20 Jan 26,ACC-10,HMS Cable Terminal Connector,HMSBT1P0036,,Simat,,Wuttikorn,
20 Jan 26,ACC-10,HMS Cable Terminal Connector,HMSBT1P0037,,Simat,,Wuttikorn,
20 Jan 26,ACC-10,HMS Cable Terminal Connector,HMSBT1P0038,,Simat,,Wuttikorn,
20 Jan 26,ACC-10,HMS Cable Terminal Connector,HMSBT1P0039,,Simat,,Wuttikorn,
20 Jan 26,ACC-10,HMS Cable Terminal Connector,HMSBT1P0040,,Simat,,Wuttikorn,
20 Jan 26,ACC-11,HMS Connection Cable-EN40-230,HMSCN1P0001,,Simat,,Wuttikorn,
20 Jan 26,ACC-11,HMS Connection Cable-EN40-230,HMSCN1P0002,,Simat,,Wuttikorn,
20 Jan 26,ACC-11,HMS Connection Cable-EN40-230,HMSCN1P0003,,Simat,,Wuttikorn,
20 Jan 26,ACC-11,HMS Connection Cable-EN40-230,HMSCN1P0004,,Simat,,Wuttikorn,
20 Jan 26,ACC-11,HMS Connection Cable-EN40-230,HMSCN1P0005,,Simat,,Wuttikorn,
20 Jan 26,ACC-11,HMS Connection Cable-EN40-230,HMSCN1P0006,,Simat,,Wuttikorn,
20 Jan 26,ACC-11,HMS Connection Cable-EN40-230,HMSCN1P0007,,Simat,,Wuttikorn,
20 Jan 26,ACC-11,HMS Connection Cable-EN40-230,HMSCN1P0008,,Simat,,Wuttikorn,
20 Jan 26,ACC-11,HMS Connection Cable-EN40-230,HMSCN1P0009,,Simat,,Wuttikorn,
20 Jan 26,ACC-11,HMS Connection Cable-EN40-230,HMSCN1P0010,,Simat,,Wuttikorn,
20 Jan 26,ACC-11,HMS Connection Cable-EN40-230,HMSCN1P0011,,Simat,,Wuttikorn,
20 Jan 26,ACC-11,HMS Connection Cable-EN40-230,HMSCN1P0012,,Simat,,Wuttikorn,
20 Jan 26,ACC-11,HMS Connection Cable-EN40-230,HMSCN1P0013,,Simat,,Wuttikorn,
20 Jan 26,ACC-11,HMS Connection Cable-EN40-230,HMSCN1P0014,,Simat,,Wuttikorn,
20 Jan 26,ACC-11,HMS Connection Cable-EN40-230,HMSCN1P0015,,Simat,,Wuttikorn,
20 Jan 26,ACC-11,HMS Connection Cable-EN40-230,HMSCN1P0016,,Simat,,Wuttikorn,
20 Jan 26,ACC-11,HMS Connection Cable-EN40-230,HMSCN1P0017,,Simat,,Wuttikorn,
20 Jan 26,ACC-11,HMS Connection Cable-EN40-230,HMSCN1P0018,,Simat,,Wuttikorn,
20 Jan 26,ACC-11,HMS Connection Cable-EN40-230,HMSCN1P0019,,Simat,,Wuttikorn,
20 Jan 26,ACC-11,HMS Connection Cable-EN40-230,HMSCN1P0020,,Simat,,Wuttikorn,
20 Jan 26,ACC-11,HMS Connection Cable-EN40-230,HMSCN1P0021,,Simat,,Wuttikorn,
20 Jan 26,ACC-11,HMS Connection Cable-EN40-230,HMSCN1P0022,,Simat,,Wuttikorn,
20 Jan 26,ACC-11,HMS Connection Cable-EN40-230,HMSCN1P0023,,Simat,,Wuttikorn,
20 Jan 26,ACC-11,HMS Connection Cable-EN40-230,HMSCN1P0024,,Simat,,Wuttikorn,
20 Jan 26,ACC-11,HMS Connection Cable-EN40-230,HMSCN1P0025,,Simat,,Wuttikorn,
20 Jan 26,ACC-11,HMS Connection Cable-EN40-230,HMSCN1P0026,,Simat,,Wuttikorn,
20 Jan 26,ACC-11,HMS Connection Cable-EN40-230,HMSCN1P0027,,Simat,,Wuttikorn,
20 Jan 26,ACC-11,HMS Connection Cable-EN40-230,HMSCN1P0028,,Simat,,Wuttikorn,
20 Jan 26,ACC-11,HMS Connection Cable-EN40-230,HMSCN1P0029,,Simat,,Wuttikorn,
20 Jan 26,ACC-11,HMS Connection Cable-EN40-230,HMSCN1P0030,,Simat,,Wuttikorn,
20 Jan 26,ACC-11,HMS Connection Cable-EN40-230,HMSCN1P0031,,Simat,,Wuttikorn,
20 Jan 26,ACC-11,HMS Connection Cable-EN40-230,HMSCN1P0032,,Simat,,Wuttikorn,
20 Jan 26,ACC-11,HMS Connection Cable-EN40-230,HMSCN1P0033,,Simat,,Wuttikorn,
20 Jan 26,ACC-11,HMS Connection Cable-EN40-230,HMSCN1P0034,,Simat,,Wuttikorn,
20 Jan 26,ACC-11,HMS Connection Cable-EN40-230,HMSCN1P0035,,Simat,,Wuttikorn,
20 Jan 26,ACC-12,HMS Disconnect Tool,HMSDT1P0001,,Simat,,Wuttikorn,
20 Jan 26,ACC-12,HMS Disconnect Tool,HMSDT1P0002,,Simat,,Wuttikorn,
20 Jan 26,ACC-12,HMS Disconnect Tool,HMSDT1P0003,,Simat,,Wuttikorn,
20 Jan 26,ACC-12,HMS Disconnect Tool,HMSDT1P0004,,Simat,,Wuttikorn,
20 Jan 26,ACC-12,HMS Disconnect Tool,HMSDT1P0005,,Simat,,Wuttikorn,
20 Jan 26,ACC-12,HMS Disconnect Tool,HMSDT1P0006,,Simat,,Wuttikorn,
20 Jan 26,ACC-12,HMS Disconnect Tool,HMSDT1P0007,,Simat,,Wuttikorn,
20 Jan 26,ACC-12,HMS Disconnect Tool,HMSDT1P0008,,Simat,,Wuttikorn,
20 Jan 26,ACC-12,HMS Disconnect Tool,HMSDT1P0009,,Simat,,Wuttikorn,
20 Jan 26,ACC-13,HMS Extension Connector,HMSEC1P0001,,Simat,,Wuttikorn,
20 Jan 26,ACC-13,HMS Extension Connector,HMSEC1P0002,,Simat,,Wuttikorn,
20 Jan 26,ACC-13,HMS Extension Connector,HMSEC1P0003,,Simat,,Wuttikorn,
20 Jan 26,ACC-14,HMS Field Connector,HMSFCN0001,,Simat,,Wuttikorn,
20 Jan 26,ACC-15,HMS Sealing Cap,HMSSC1P0001,,Simat,,Wuttikorn,
20 Jan 26,ACC-15,HMS Sealing Cap,HMSSC1P0002,,Simat,,Wuttikorn,
20 Jan 26,ACC-15,HMS Sealing Cap,HMSSC1P0003,,Simat,,Wuttikorn,
20 Jan 26,ACC-15,HMS Sealing Cap,HMSSC1P0004,,Simat,,Wuttikorn,
20 Jan 26,ACC-15,HMS Sealing Cap,HMSSC1P0005,,Simat,,Wuttikorn,
20 Jan 26,ACC-15,HMS Sealing Cap,HMSSC1P0006,,Simat,,Wuttikorn,
20 Jan 26,ACC-15,HMS Sealing Cap,HMSSC1P0007,,Simat,,Wuttikorn,
20 Jan 26,ACC-15,HMS Sealing Cap,HMSSC1P0008,,Simat,,Wuttikorn,
20 Jan 26,ACC-15,HMS Sealing Cap,HMSSC1P0009,,Simat,,Wuttikorn,
20 Jan 26,ACC-15,HMS Sealing Cap,HMSSC1P0010,,Simat,,Wuttikorn,
20 Jan 26,ACC-15,HMS Sealing Cap,HMSSC1P0011,,Simat,,Wuttikorn,
20 Jan 26,ACC-15,HMS Sealing Cap,HMSSC1P0012,,Simat,,Wuttikorn,
20 Jan 26,ACC-15,HMS Sealing Cap,HMSSC1P0013,,Simat,,Wuttikorn,
20 Jan 26,ACC-15,HMS Sealing Cap,HMSSC1P0014,,Simat,,Wuttikorn,
20 Jan 26,ACC-15,HMS Sealing Cap,HMSSC1P0015,,Simat,,Wuttikorn,
20 Jan 26,ACC-15,HMS Sealing Cap,HMSSC1P0016,,Simat,,Wuttikorn,
20 Jan 26,ACC-15,HMS Sealing Cap,HMSSC1P0017,,Simat,,Wuttikorn,
20 Jan 26,ACC-15,HMS Sealing Cap,HMSSC1P0018,,Simat,,Wuttikorn,
20 Jan 26,ACC-15,HMS Sealing Cap,HMSSC1P0019,,Simat,,Wuttikorn,
20 Jan 26,ACC-15,HMS Sealing Cap,HMSSC1P0020,,Simat,,Wuttikorn,
20 Jan 26,ACC-15,HMS Sealing Cap,HMSSC1P0021,,Simat,,Wuttikorn,
20 Jan 26,ACC-15,HMS Sealing Cap,HMSSC1P0022,,Simat,,Wuttikorn,
20 Jan 26,ACC-15,HMS Sealing Cap,HMSSC1P0023,,Simat,,Wuttikorn,
20 Jan 26,ACC-15,HMS Sealing Cap,HMSSC1P0024,,Simat,,Wuttikorn,
20 Jan 26,ACC-15,HMS Sealing Cap,HMSSC1P0025,,Simat,,Wuttikorn,
20 Jan 26,ACC-15,HMS Sealing Cap,HMSSC1P0026,,Simat,,Wuttikorn,
20 Jan 26,ACC-15,HMS Sealing Cap,HMSSC1P0027,,Simat,,Wuttikorn,
20 Jan 26,ACC-15,HMS Sealing Cap,HMSSC1P0028,,Simat,,Wuttikorn,
20 Jan 26,ACC-15,HMS Sealing Cap,HMSSC1P0029,,Simat,,Wuttikorn,
20 Jan 26,ACC-16,HMS Trunk Connector,HMSTC1P0001,,Simat,,Wuttikorn,
20 Jan 26,ACC-16,HMS Trunk Connector,HMSTC1P0002,,Simat,,Wuttikorn,
20 Jan 26,ACC-16,HMS Trunk Connector,HMSTC1P0003,,Simat,,Wuttikorn,
20 Jan 26,ACC-16,HMS Trunk Connector,HMSTC1P0004,,Simat,,Wuttikorn,
20 Jan 26,ACC-16,HMS Trunk Connector,HMSTC1P0005,,Simat,,Wuttikorn,
20 Jan 26,ACC-16,HMS Trunk Connector,HMSTC1P0006,,Simat,,Wuttikorn,
20 Jan 26,ACC-16,HMS Trunk Connector,HMSTC1P0007,,Simat,,Wuttikorn,
20 Jan 26,ACC-16,HMS Trunk Connector,HMSTC1P0008,,Simat,,Wuttikorn,
20 Jan 26,ACC-16,HMS Trunk Connector,HMSTC1P0009,,Simat,,Wuttikorn,
20 Jan 26,ACC-16,HMS Trunk Connector,HMSTC1P0010,,Simat,,Wuttikorn,
20 Jan 26,ACC-16,HMS Trunk Connector,HMSTC1P0011,,Simat,,Wuttikorn,
20 Jan 26,ACC-16,HMS Trunk Connector,HMSTC1P0012,,Simat,,Wuttikorn,
20 Jan 26,ACC-16,HMS Trunk Connector,HMSTC1P0013,,Simat,,Wuttikorn,
20 Jan 26,ACC-16,HMS Trunk Connector,HMSTC1P0014,,Simat,,Wuttikorn,
20 Jan 26,ACC-16,HMS Trunk Connector,HMSTC1P0015,,Simat,,Wuttikorn,
20 Jan 26,ACC-16,HMS Trunk Connector,HMSTC1P0016,,Simat,,Wuttikorn,
20 Jan 26,ACC-16,HMS Trunk Connector,HMSTC1P0017,,Simat,,Wuttikorn,
20 Jan 26,ACC-16,HMS Trunk Connector,HMSTC1P0018,,Simat,,Wuttikorn,
20 Jan 26,ACC-16,HMS Trunk Connector,HMSTC1P0019,,Simat,,Wuttikorn,
20 Jan 26,ACC-16,HMS Trunk Connector,HMSTC1P0020,,Simat,,Wuttikorn,
20 Jan 26,ACC-16,HMS Trunk Connector,HMSTC1P0021,,Simat,,Wuttikorn,
20 Jan 26,ACC-16,HMS Trunk Connector,HMSTC1P0022,,Simat,,Wuttikorn,
20 Jan 26,ACC-16,HMS Trunk Connector,HMSTC1P0023,,Simat,,Wuttikorn,
20 Jan 26,ACC-16,HMS Trunk Connector,HMSTC1P0024,,Simat,,Wuttikorn,
20 Jan 26,ACC-16,HMS Trunk Connector,HMSTC1P0025,,Simat,,Wuttikorn,
20 Jan 26,ACC-16,HMS Trunk Connector,HMSTC1P0026,,Simat,,Wuttikorn,
20 Jan 26,ACC-16,HMS Trunk Connector,HMSTC1P0027,,Simat,,Wuttikorn,
20 Jan 26,ACC-16,HMS Trunk Connector,HMSTC1P0028,,Simat,,Wuttikorn,
20 Jan 26,ACC-16,HMS Trunk Connector,HMSTC1P0029,,Simat,,Wuttikorn,
20 Jan 26,ACC-16,HMS Trunk Connector,HMSTC1P0030,,Simat,,Wuttikorn,
20 Jan 26,ACC-16,HMS Trunk Connector,HMSTC1P0031,,Simat,,Wuttikorn,
20 Jan 26,ACC-16,HMS Trunk Connector,HMSTC1P0032,,Simat,,Wuttikorn,
20 Jan 26,ACC-16,HMS Trunk Connector,HMSTC1P0033,,Simat,,Wuttikorn,
20 Jan 26,ACC-16,HMS Trunk Connector,HMSTC1P0034,,Simat,,Wuttikorn,
20 Jan 26,ACC-16,HMS Trunk Connector,HMSTC1P0035,,Simat,,Wuttikorn,
20 Jan 26,ACC-16,HMS Trunk Connector,HMSTC1P0036,,Simat,,Wuttikorn,
20 Jan 26,ACC-16,HMS Trunk Connector,HMSTC1P0037,,Simat,,Wuttikorn,
20 Jan 26,ACC-16,HMS Trunk Connector,HMSTC1P0038,,Simat,,Wuttikorn,
20 Jan 26,ACC-16,HMS Trunk Connector,HMSTC1P0039,,Simat,,Wuttikorn,
20 Jan 26,ACC-16,HMS Trunk Connector,HMSTC1P0040,,Simat,,Wuttikorn,
20 Jan 26,ACC-16,HMS Trunk Connector,HMSTC1P0041,,Simat,,Wuttikorn,
20 Jan 26,ACC-16,HMS Trunk Connector,HMSTC1P0042,,Simat,,Wuttikorn,
20 Jan 26,ACC-16,HMS Trunk Connector,HMSTC1P0043,,Simat,,Wuttikorn,
20 Jan 26,ACC-16,HMS Trunk Connector,HMSTC1P0044,,Simat,,Wuttikorn,
20 Jan 26,ACC-16,HMS Trunk Connector,HMSTC1P0045,,Simat,,Wuttikorn,
20 Jan 26,ACC-16,HMS Trunk Connector,HMSTC1P0046,,Simat,,Wuttikorn,
20 Jan 26,ACC-16,HMS Trunk Connector,HMSTC1P0047,,Simat,,Wuttikorn,
20 Jan 26,ACC-16,HMS Trunk Connector,HMSTC1P0048,,Simat,,Wuttikorn,
20 Jan 26,ACC-16,HMS Trunk Connector,HMSTC1P0049,,Simat,,Wuttikorn,
20 Jan 26,ACC-16,HMS Trunk Connector,HMSTC1P0050,,Simat,,Wuttikorn,
20 Jan 26,ACC-16,HMS Trunk Connector,HMSTC1P0051,,Simat,,Wuttikorn,
20 Jan 26,ACC-16,HMS Trunk Connector,HMSTC1P0052,,Simat,,Wuttikorn,
20 Jan 26,ACC-16,HMS Trunk Connector,HMSTC1P0053,,Simat,,Wuttikorn,
20 Jan 26,ACC-16,HMS Trunk Connector,HMSTC1P0054,,Simat,,Wuttikorn,
20 Jan 26,ACC-16,HMS Trunk Connector,HMSTC1P0055,,Simat,,Wuttikorn,
20 Jan 26,ACC-16,HMS Trunk Connector,HMSTC1P0056,,Simat,,Wuttikorn,
20 Jan 26,ACC-16,HMS Trunk Connector,HMSTC1P0057,,Simat,,Wuttikorn,
20 Jan 26,ACC-16,HMS Trunk Connector,HMSTC1P0058,,Simat,,Wuttikorn,
20 Jan 26,ACC-16,HMS Trunk Connector,HMSTC1P0059,,Simat,,Wuttikorn,
20 Jan 26,PV-01,AE625TME-120BDS,AECA60TE242130008,,Simat,,Wuttikorn,
20 Jan 26,PV-01,AE625TME-120BDS,AECA60TE242130009,,Simat,,Wuttikorn,
20 Jan 26,PV-01,AE625TME-120BDS,AECA60TE242130010,,Simat,,Wuttikorn,
20 Jan 26,PV-01,AE625TME-120BDS,AECA60TE242130011,,Simat,,Wuttikorn,
20 Jan 26,PV-01,AE625TME-120BDS,AECA60TE242130020,,Simat,,Wuttikorn,
20 Jan 26,PV-01,AE625TME-120BDS,AECA60TE242130023,,Simat,,Wuttikorn,
20 Jan 26,PV-01,AE625TME-120BDS,AECA60TE242130026,,Simat,,Wuttikorn,
20 Jan 26,PV-01,AE625TME-120BDS,AECA60TE242130052,,Simat,,Wuttikorn,
20 Jan 26,PV-01,AE625TME-120BDS,AECA60TE242130056,,Simat,,Wuttikorn,
20 Jan 26,PV-01,AE625TME-120BDS,AECA60TE242130061,,Simat,,Wuttikorn,
20 Jan 26,PV-01,AE625TME-120BDS,AECA60TE242130063,,Simat,,Wuttikorn,
20 Jan 26,PV-01,AE625TME-120BDS,AECA60TE242130084,,Simat,,Wuttikorn,
20 Jan 26,PV-01,AE625TME-120BDS,AECA60TE242130087,,Simat,,Wuttikorn,
20 Jan 26,PV-01,AE625TME-120BDS,AECA60TE242130102,,Simat,,Wuttikorn,
20 Jan 26,PV-01,AE625TME-120BDS,AECA60TE242130105,,Simat,,Wuttikorn,
20 Jan 26,PV-01,AE625TME-120BDS,AECA60TE242130106,,Simat,,Wuttikorn,
20 Jan 26,PV-01,AE625TME-120BDS,AECA60TE242130107,,Simat,,Wuttikorn,
20 Jan 26,PV-01,AE625TME-120BDS,AECA60TE242130109,,Simat,,Wuttikorn,
20 Jan 26,PV-01,AE625TME-120BDS,AECA60TE242130110,,Simat,,Wuttikorn,
20 Jan 26,PV-01,AE625TME-120BDS,AECA60TE242130112,,Simat,,Wuttikorn,
20 Jan 26,PV-01,AE625TME-120BDS,AECA60TE242130122,,Simat,,Wuttikorn,
20 Jan 26,PV-01,AE625TME-120BDS,AECA60TE242130124,,Simat,,Wuttikorn,
20 Jan 26,PV-01,AE625TME-120BDS,AECA60TE242130129,,Simat,,Wuttikorn,
20 Jan 26,PV-01,AE625TME-120BDS,AECA60TE242130131,,Simat,,Wuttikorn,
20 Jan 26,PV-01,AE625TME-120BDS,AECA60TE242130133,,Simat,,Wuttikorn,
20 Jan 26,PV-01,AE625TME-120BDS,AECA60TE242130134,,Simat,,Wuttikorn,
20 Jan 26,PV-01,AE625TME-120BDS,AECA60TE242130136,,Simat,,Wuttikorn,
20 Jan 26,PV-01,AE625TME-120BDS,AECA60TE242133435,,Simat,,Wuttikorn,
20 Jan 26,PV-01,AE625TME-120BDS,AECA60TE242133440,,Simat,,Wuttikorn,
20 Jan 26,PV-01,AE625TME-120BDS,AECA60TE242131901,,Simat,,Wuttikorn,
20 Jan 26,PV-01,AE625TME-120BDS,AECA60TE242132375,,Simat,,Wuttikorn,
20 Jan 26,PV-01,AE625TME-120BDS,AECA60TE242132387,,Simat,,Wuttikorn,
20 Jan 26,PV-01,AE625TME-120BDS,AECA60TE242132780,,Simat,,Wuttikorn,
20 Jan 26,PV-01,AE625TME-120BDS,AECA60TE242132845,,Simat,,Wuttikorn,
20 Jan 26,PV-01,AE625TME-120BDS,AECA60TE242132852,,Simat,,Wuttikorn,
20 Jan 26,PV-01,AE625TME-120BDS,AECA60TE242133082,,Simat,,Wuttikorn,
20 Jan 26,PV-01,AE625TME-120BDS,AECA60TE242133111,,Simat,,Wuttikorn,
20 Jan 26,PV-01,AE625TME-120BDS,AECA60TE242133141,,Simat,,Wuttikorn,
20 Jan 26,PV-01,AE625TME-120BDS,AECA60TE242133142,,Simat,,Wuttikorn,
20 Jan 26,PV-01,AE625TME-120BDS,AECA60TE242133146,,Simat,,Wuttikorn,
20 Jan 26,PV-01,AE625TME-120BDS,AECA60TE242133147,,Simat,,Wuttikorn,
20 Jan 26,PV-01,AE625TME-120BDS,AECA60TE242133148,,Simat,,Wuttikorn,
20 Jan 26,PV-01,AE625TME-120BDS,AECA60TE242133156,,Simat,,Wuttikorn,
20 Jan 26,PV-01,AE625TME-120BDS,AECA60TE242133164,,Simat,,Wuttikorn,
20 Jan 26,PV-01,AE625TME-120BDS,AECA60TE242133167,,Simat,,Wuttikorn,
20 Jan 26,PV-01,AE625TME-120BDS,AECA60TE242133169,,Simat,,Wuttikorn,
20 Jan 26,PV-01,AE625TME-120BDS,AECA60TE242133174,,Simat,,Wuttikorn,
20 Jan 26,PV-01,AE625TME-120BDS,AECA60TE242133175,,Simat,,Wuttikorn,
20 Jan 26,PV-01,AE625TME-120BDS,AECA60TE242133181,,Simat,,Wuttikorn,
20 Jan 26,PV-01,AE625TME-120BDS,AECA60TE242133185,,Simat,,Wuttikorn,
20 Jan 26,PV-01,AE625TME-120BDS,AECA60TE242133186,,Simat,,Wuttikorn,
20 Jan 26,PV-01,AE625TME-120BDS,AECA60TE242133190,,Simat,,Wuttikorn,
20 Jan 26,PV-01,AE625TME-120BDS,AECA60TE242133191,,Simat,,Wuttikorn,
20 Jan 26,PV-01,AE625TME-120BDS,AECA60TE242133192,,Simat,,Wuttikorn,
20 Jan 26,PV-01,AE625TME-120BDS,AECA60TE242133207,,Simat,,Wuttikorn,
20 Jan 26,PV-01,AE625TME-120BDS,AECA60TE242133217,,Simat,,Wuttikorn,
20 Jan 26,PV-01,AE625TME-120BDS,AECA60TE242133218,,Simat,,Wuttikorn,
20 Jan 26,PV-01,AE625TME-120BDS,AECA60TE242133219,,Simat,,Wuttikorn,
20 Jan 26,PV-01,AE625TME-120BDS,AECA60TE242133222,,Simat,,Wuttikorn,
20 Jan 26,PV-01,AE625TME-120BDS,AECA60TE242133223,,Simat,,Wuttikorn,
20 Jan 26,PV-02,AIKO-A500-MAH60Mb,Z2025600G1171014355,,Simat,,Wuttikorn,
20 Jan 26,PV-03,AIKO-A670-MAH78Dw,Y1425624P0441000025,,Simat,,Wuttikorn,
20 Jan 26,PV-04,AIKO-G650-MCH72Mw,21125701P0001002401,,Simat,,Wuttikorn,
20 Jan 26,KEH-12,HRSD-2C-B-SS78L,HRSD0001,,Simat,,Wuttikorn,
20 Jan 26,RSD-03,HT-G20-Kit_250,HTGK0001,,Simat,,Wuttikorn,
20 Jan 26,RSD-03,HT-G20-Kit_250,HTGK0002,,Simat,,Wuttikorn,
20 Jan 26,Bat-10,LB-7C-G1,LBBX0001,,Simat,,Wuttikorn,
20 Jan 26,Flex-02,T5-CC-EN60-460,FLXT5CN0001,,Simat,,Wuttikorn,
20 Jan 26,Flex-02,T5-CC-EN60-460,FLXT5CN0002,,Simat,,Wuttikorn,
20 Jan 26,Flex-02,T5-CC-EN60-460,FLXT5CN0003,,Simat,,Wuttikorn,
20 Jan 26,Flex-02,T5-CC-EN60-460,FLXT5CN0004,,Simat,,Wuttikorn,
20 Jan 26,Flex-02,T5-CC-EN60-460,FLXT5CN0005,,Simat,,Wuttikorn,
20 Jan 26,Flex-02,T5-CC-EN60-460,FLXT5CN0006,,Simat,,Wuttikorn,
20 Jan 26,Flex-03,T5-CTC-EN60C,FLXT5BT0001,,Simat,,Wuttikorn,
20 Jan 26,Flex-03,T5-CTC-EN60C,FLXT5BT0002,,Simat,,Wuttikorn,
20 Jan 26,Flex-03,T5-CTC-EN60C,FLXT5BT0003,,Simat,,Wuttikorn,
20 Jan 26,Flex-03,T5-CTC-EN60C,FLXT5BT0004,,Simat,,Wuttikorn,
20 Jan 26,Flex-03,T5-CTC-EN60C,FLXT5BT0005,,Simat,,Wuttikorn,
20 Jan 26,Flex-03,T5-CTC-EN60C,FLXT5BT0006,,Simat,,Wuttikorn,
20 Jan 26,Flex-04,T5-DT,FLXT5DT0001,,Simat,,Wuttikorn,
20 Jan 26,Flex-04,T5-DT,FLXT5DT0002,,Simat,,Wuttikorn,
20 Jan 26,Flex-04,T5-DT,FLXT5DT0003,,Simat,,Wuttikorn,
20 Jan 26,Flex-04,T5-DT,FLXT5DT0004,,Simat,,Wuttikorn,
20 Jan 26,Flex-04,T5-DT,FLXT5DT0005,,Simat,,Wuttikorn,
20 Jan 26,Flex-04,T5-DT,FLXT5DT0006,,Simat,,Wuttikorn,
20 Jan 26,Flex-05,T5-EC,FLXT5EC0001,,Simat,,Wuttikorn,
20 Jan 26,Flex-05,T5-EC,FLXT5EC0002,,Simat,,Wuttikorn,
20 Jan 26,Flex-05,T5-EC,FLXT5EC0003,,Simat,,Wuttikorn,
20 Jan 26,Flex-05,T5-EC,FLXT5EC0004,,Simat,,Wuttikorn,
20 Jan 26,Flex-05,T5-EC,FLXT5EC0005,,Simat,,Wuttikorn,
20 Jan 26,Flex-05,T5-EC,FLXT5EC0006,,Simat,,Wuttikorn,
20 Jan 26,Flex-06,T5-TC,FLXT5TC0001,,Simat,,Wuttikorn,
20 Jan 26,Flex-06,T5-TC,FLXT5TC0002,,Simat,,Wuttikorn,
20 Jan 26,Flex-06,T5-TC,FLXT5TC0003,,Simat,,Wuttikorn,
20 Jan 26,Flex-06,T5-TC,FLXT5TC0004,,Simat,,Wuttikorn,
20 Jan 26,Flex-06,T5-TC,FLXT5TC0005,,Simat,,Wuttikorn,
20 Jan 26,Flex-06,T5-TC,FLXT5TC0006,,Simat,,Wuttikorn,
20 Jan 26,ACI-01,HAS-5.0LV-EUG1,208324380857,,Simat,,Wuttikorn,
20 Jan 26,RSD-08,HYS-6.0LV-EUGI,200524381483,,Simat,,Wuttikorn,
20 Jan 26,Bat-07,LB-5S-G1-PackA,H10PACK-A202410030119,,Simat,,Wuttikorn,
20 Jan 26,Bat-08,LB-5S-G1-PackB,H10PACK-B202410030170,,Simat,,Wuttikorn,
20 Jan 26,KEH-01,SPI10K-B X2,5A1606111980P3B03076,,Simat,,Wuttikorn,
20 Jan 26,KEH-03,SPI5000-B2,E47123101083,,Simat,,Wuttikorn,
20 Jan 26,SM-04,DDSD1352-CT,24052106440038,,Simat,,Wuttikorn,
20 Jan 26,SM-05,DTSD3366D-W1-A,240516080018,,Simat,,Wuttikorn,
20 Jan 26,SM-05,DTSD3366D-W1-A,231104670018,,Simat,,Wuttikorn,
20 Jan 26,SM-06,DTSU666 100/40mA,230224379765,,Simat,,Wuttikorn,
20 Jan 26,SM-07,DTSU666-Via-CT-3-5A-HMicro,4F03A0001151,,Simat,,Wuttikorn,
20 Jan 26,SM-07,DTSU666-Via-CT-3-5A-HMicro,4F03A0000389,,Simat,,Wuttikorn,
20 Jan 26,SM-07,DTSU666-Via-CT-3-5A-HMicro,4F03A0000383,,Simat,,Wuttikorn,
20 Jan 26,SM-07,DTSU666-Via-CT-3-5A-HMicro,4F03A0000373,,Simat,,Wuttikorn,
20 Jan 26,SM-08,DTSU666 CT-3-1.5(6)A,4F03A0000383,,Simat,,Wuttikorn,* inventory
20 Jan 26,SM-08,DTSU666 CT-3-1.5(6)A,4F03A0000373,,Simat,,Wuttikorn,* inventory
20 Jan 26,SM-08,DTSU666 CT-3-1.5(6)A,4F03A0000389,,Simat,,Wuttikorn,* inventory
20 Jan 26,SM-08,DTSU666 CT-3-1.5(6)A,4F03A0001151,,Simat,,Wuttikorn,* inventory
20 Jan 26,SM-08,DTSU666 CT-3-1.5(6)A,240519144870,,Simat,,Wuttikorn,* inventory
20 Jan 26,SM-08,DTSU666 CT-3-1.5(6)A,240519144882,,Simat,,Wuttikorn,* inventory
20 Jan 26,SM-08,DTSU666 CT-3-1.5(6)A,240519144865,,Simat,,Wuttikorn,* inventory
20 Jan 26,SM-08,DTSU666 CT-3-1.5(6)A,240412092350,,Simat,,Wuttikorn,* inventory
20 Jan 26,KEH-04,SPI7000-B X2,5A1606111980P3B03216,,Simat,,Wuttikorn,
,,,,,,,,
,,,,,,,,
,,,,,,,,
,,,,,,,,
,,,,,,,,
,,,,,,,,
,,,,,,,,
,,,,,,,,
,,,,,,,,
,,,,,,,,
,,,,,,,,
,,,,,,,,
,,,,,,,,
,,,,,,,,
,,,,,,,,
,,,,,,,,
,,,,,,,,
,,,,,,,,
,,,,,,,,
,,,,,,,,
,,,,,,,,
,,,,,,,,
,,,,,,,,
,,,,,,,,
,,,,,,,,
,,,,,,,,
,,,,,,,,
,,,,,,,,
,,,,,,,,
,,,,,,,,
,,,,,,,,
,,,,,,,,
,,,,,,,,
,,,,,,,,
,,,,,,,,
,,,,,,,,
,,,,,,,,
,,,,,,,,
,,,,,,,,
,,,,,,,,
,,,,,,,,
,,,,,,,,
,,,,,,,,
,,,,,,,,
,,,,,,,,
,,,,,,,,
,,,,,,,,
,,,,,,,,
,,,,,,,,
,,,,,,,,
,,,,,,,,
,,,,,,,,
,,,,,,,,
,,,,,,,,
,,,,,,,,
,,,,,,,,
,,,,,,,,
,,,,,,,,
,,,,,,,,
,,,,,,,,
,,,,,,,,
,,,,,,,,
,,,,,,,,
,,,,,,,,
,,,,,,,,
,,,,,,,,
,,,,,,,,
,,,,,,,,
,,,,,,,,
,,,,,,,,
,,,,,,,,
,,,,,,,,
,,,,,,,,
,,,,,,,,
,,,,,,,,
,,,,,,,,
,,,,,,,,
,,,,,,,,
,,,,,,,,
,,,,,,,,
,,,,,,,,
,,,,,,,,
,,,,,,,,
,,,,,,,,
,,,,,,,,
,,,,,,,,
,,,,,,,,
,,,,,,,,
,,,,,,,,
,,,,,,,,
,,,,,,,,
,,,,,,,,
,,,,,,,,
,,,,,,,,
,,,,,,,,
,,,,,,,,
,,,,,,,,
,,,,,,,,
,,,,,,,,
,,,,,,,,
,,,,,,,,
,,,,,,,,
,,,,,,,,
,,,,,,,,
,,,,,,,,
,,,,,,,,
,,,,,,,,
,,,,,,,,
,,,,,,,,
,,,,,,,,
,,,,,,,,
,,,,,,,,
,,,,,,,,
,,,,,,,,
,,,,,,,,
,,,,,,,,
,,,,,,,,
,,,,,,,,
23 Jan 26,2026-01-23,,,12345,,,,